Film,Theater,first_announced_date,last_seen_date
Casino,The Beacon,2025-07-11,2025-07-15
Rotating Signals: The Contemporary Korean Avant-Garde,The Beacon,2025-07-11,2025-07-15
Cosmopolis,The Beacon,2025-07-11,2025-07-15
Network,The Beacon,2025-07-11,2025-07-15
Wreckers Of Civilization: The Beacon Guide To Throbbing Gristle,The Beacon,2025-07-11,2025-07-15
Chinatown,The Beacon,2025-07-11,2025-07-15
The Fugitive Kind,The Beacon,2025-07-11,2025-07-15
Shock Corridor,The Beacon,2025-07-11,2025-07-15
Christopher Strong,The Beacon,2025-07-11,2025-07-15
Boom!,The Beacon,2025-07-11,2025-07-15
A Tale Of Sorrow And Sadness,The Beacon,2025-07-11,2025-07-15
Rent The Beacon,The Beacon,2025-07-11,2025-07-15
The A-Frame,The Beacon,2025-07-11,2025-07-15
"Rosa La Rose, Public Girl",The Beacon,2025-07-11,2025-07-11
Secs Fest Presents Blonde Ambition,The Beacon,2025-07-11,2025-07-15
Sweet Smell Of Success,The Beacon,2025-07-11,2025-07-15
Ed Wood: Made In Hollywood Usa W/ Will Sloan,The Beacon,2025-07-11,2025-07-15
Blackhat,The Beacon,2025-07-11,2025-07-15
Ed Wood,The Beacon,2025-07-11,2025-07-15
A Streetcar Named Desire,The Beacon,2025-07-11,2025-07-15
Taxi Zum Klo,The Beacon,2025-07-11,2025-07-15
Vegas In Space,The Beacon,2025-07-11,2025-07-15
Spring Breakers,The Beacon,2025-07-11,2025-07-15
Demonlover,The Beacon,2025-07-11,2025-07-15
The Day I Became A Woman,The Beacon,2025-07-11,2025-07-15
Sixteen Tongues,The Beacon,2025-07-11,2025-07-15
"Sudan, Remember Us",The Beacon,2025-07-11,2025-07-15
Dream Life,The Beacon,2025-07-11,2025-07-15
Cat On A Hot Tin Roof,The Beacon,2025-07-11,2025-07-15
"They Shoot Horses, Don'T They?",The Beacon,2025-07-11,2025-07-15
There Will Be Blood,The Beacon,2025-07-11,2025-07-12
New Rose Hotel,The Beacon,2025-07-11,2025-07-15
Merrily We Go To Hell,The Beacon,2025-07-11,2025-07-13
The Searchers,The Beacon,2025-07-11,2025-07-14
Fresh Kill,The Beacon,2025-07-11,2025-07-15
Something Weird Presents Teenage Gang Debs & Blonde On A Bum Trip,The Beacon,2025-07-11,2025-07-15
"Dance, Girl, Dance",The Beacon,2025-07-11,2025-07-15
Underwater Love W/ Uh Oh,The Beacon,2025-07-11,2025-07-15
The Passion Of Joan Of Arc W/ Lori Goldston,The Beacon,2025-07-11,2025-07-15
Five Minutes To Live!,The Beacon,2025-07-11,2025-07-15
Baby Doll,The Beacon,2025-07-11,2025-07-15
Caught by the Tides,SIFF Cinema Uptown,2025-07-11,2025-07-15
L.A. Noir: L.A. Confidential (35mm),SIFF Cinema Uptown,2025-07-11,2025-07-15
28 Years Later,SIFF Cinema Uptown,2025-07-11,2025-07-15
Art House Theater Day: Tomboy,SIFF Cinema Uptown,2025-07-11,2025-07-15
SIFF Movie Club: They Live,SIFF Cinema Uptown,2025-07-11,2025-07-15
Little Buddha (New 4K Restoration),SIFF Cinema Uptown,2025-07-11,2025-07-15
L.A. Noir: Kiss Me Deadly,SIFF Cinema Uptown,2025-07-11,2025-07-15
Marlee Matlin: Not Alone Anymore,SIFF Cinema Uptown,2025-07-11,2025-07-15
SIFF Movie Club: Green Room,SIFF Cinema Uptown,2025-07-11,2025-07-15
SIFF 'n' Stitch: 10 Things I Hate About You,SIFF Cinema Uptown,2025-07-11,2025-07-15
L.A. Noir: Drive,SIFF Cinema Uptown,2025-07-11,2025-07-15
CatVideoFest 2025,SIFF Cinema Uptown,2025-07-11,2025-07-15
Together,SIFF Cinema Uptown,2025-07-11,2025-07-15
National Theatre Live: Inter Alia,SIFF Film Center,2025-07-11,2025-07-15
Jurassic World Rebirth,SIFF Cinema Downtown,2025-07-11,2025-07-15
SIFF Movie Club: The Night of the Hunter (70th Anniversary),SIFF Cinema Uptown,2025-07-11,2025-07-15
L.A. Noir: Inherent Vice,SIFF Cinema Uptown,2025-07-11,2025-07-15
The Phoenician Scheme,SIFF Cinema Uptown,2025-07-11,2025-07-15
SIFF Movie Club: The Ascent,SIFF Cinema Uptown,2025-07-11,2025-07-15
L.A. Noir: Cutter’s Way (35mm),SIFF Cinema Uptown,2025-07-11,2025-07-15
Emerald City Short Film Festival,SIFF Film Center,2025-07-11,2025-07-15
Secret Screening #2,SIFF Cinema Uptown,2025-07-11,2025-07-15
Eddington,SIFF Cinema Uptown,2025-07-11,2025-07-15
L.A. Noir: The Long Goodbye,SIFF Cinema Uptown,2025-07-11,2025-07-15
SIFF 'n' Stitch: Little Miss Sunshine,SIFF Cinema Uptown,2025-07-11,2025-07-15
CLASSIFIED CINEMA,SIFF Cinema Uptown,2025-07-11,2025-07-15
Year of the Fox,SIFF Film Center,2025-07-11,2025-07-14
SIFF Movie Club: The Florida Project,SIFF Cinema Uptown,2025-07-11,2025-07-15
L.A. Noir: The Two Jakes,SIFF Cinema Uptown,2025-07-11,2025-07-15
"Sorry, Baby",SIFF Cinema Uptown,2025-07-11,2025-07-15
To a Land Unknown,SIFF Film Center,2025-07-11,2025-07-15
L.A. Noir: Heat (30th Anniversary),SIFF Cinema Uptown,2025-07-11,2025-07-15
L.A. Noir: The Limey,SIFF Cinema Uptown,2025-07-11,2025-07-15
L.A. Noir: Point Blank,SIFF Cinema Uptown,2025-07-11,2025-07-15
Art House Theater Day: Tangerine,SIFF Cinema Uptown,2025-07-11,2025-07-15
Thunderbolts*,AMC River Park Square 20,2025-07-11,2025-07-15
A Minecraft Movie,AMC River Park Square 20,2025-07-11,2025-07-15
Sinners,AMC River Park Square 20,2025-07-11,2025-07-15
The Surfer,AMC River Park Square 20,2025-07-11,2025-07-15
Disney's Snow White,AMC River Park Square 20,2025-07-11,2025-07-15
Shadow Force,AMC River Park Square 20,2025-07-11,2025-07-15
Clown in a Cornfield,AMC River Park Square 20,2025-07-11,2025-07-15
Until Dawn,AMC River Park Square 20,2025-07-11,2025-07-15
The Accountant 2,AMC River Park Square 20,2025-07-11,2025-07-15
Fight or Flight,AMC River Park Square 20,2025-07-11,2025-07-15
Watch the Skies,AMC River Park Square 20,2025-07-11,2025-07-15
The Amateur,AMC River Park Square 20,2025-07-11,2025-07-15
Juliet & Romeo,AMC River Park Square 20,2025-07-11,2025-07-15
The King of Kings,AMC River Park Square 20,2025-07-11,2025-07-15
Warfare,AMC River Park Square 20,2025-07-11,2025-07-15
Words of War,AMC River Park Square 20,2025-07-11,2025-07-15
Wolf Children 4K,AMC River Park Square 20,2025-07-11,2025-07-15
Becoming Led Zeppelin,AMC River Park Square 20,2025-07-11,2025-07-15
Fight or Flight,AMC Kent Station 14,2025-07-11,2025-07-15
Clown in a Cornfield,AMC Kent Station 14,2025-07-11,2025-07-15
Thunderbolts*,AMC Kent Station 14,2025-07-11,2025-07-15
Shadow Force,AMC Kent Station 14,2025-07-11,2025-07-15
Until Dawn,AMC Kent Station 14,2025-07-11,2025-07-15
A Minecraft Movie,AMC Kent Station 14,2025-07-11,2025-07-15
Juliet & Romeo,AMC Kent Station 14,2025-07-11,2025-07-15
The Accountant 2,AMC Kent Station 14,2025-07-11,2025-07-15
Sinners,AMC Kent Station 14,2025-07-11,2025-07-15
The King of Kings,AMC Kent Station 14,2025-07-11,2025-07-15
Disney's Snow White,AMC Kent Station 14,2025-07-11,2025-07-15
Hung Up on a Dream: The Zombies Documentary,AMC Kent Station 14,2025-07-11,2025-07-15
Show Me Your Glory,AMC Kent Station 14,2025-07-11,2025-07-15
The Surfer,AMC Kent Station 14,2025-07-11,2025-07-15
Thunderbolts*,AMC Southcenter 16,2025-07-11,2025-07-15
Sinners,AMC Southcenter 16,2025-07-11,2025-07-15
A Minecraft Movie,AMC Southcenter 16,2025-07-11,2025-07-15
Juliet & Romeo,AMC Southcenter 16,2025-07-11,2025-07-15
Watch the Skies,AMC Southcenter 16,2025-07-11,2025-07-15
The Accountant 2,AMC Southcenter 16,2025-07-11,2025-07-15
Money Kisses / Nu Hon Bac Ty,AMC Southcenter 16,2025-07-11,2025-07-15
Shadow Force,AMC Southcenter 16,2025-07-11,2025-07-15
Disney's Snow White,AMC Southcenter 16,2025-07-11,2025-07-15
The Ancestral Home / Nha Gia Tien,AMC Southcenter 16,2025-07-11,2025-07-15
Until Dawn,AMC Southcenter 16,2025-07-11,2025-07-15
Fight or Flight,AMC Southcenter 16,2025-07-11,2025-07-15
Tear of Autumn,AMC Southcenter 16,2025-07-11,2025-07-15
Guru Nanak Jahaz,AMC Southcenter 16,2025-07-11,2025-07-15
Words of War,AMC Southcenter 16,2025-07-11,2025-07-15
The Surfer,AMC Southcenter 16,2025-07-11,2025-07-15
Clown in a Cornfield,AMC Southcenter 16,2025-07-11,2025-07-15
Wolf Children 4K,AMC Southcenter 16,2025-07-11,2025-07-15
Fight or Flight,AMC Progress Ridge 13,2025-07-11,2025-07-15
Sinners,AMC Progress Ridge 13,2025-07-11,2025-07-15
Juliet & Romeo,AMC Progress Ridge 13,2025-07-11,2025-07-15
The Accountant 2,AMC Progress Ridge 13,2025-07-11,2025-07-15
Clown in a Cornfield,AMC Progress Ridge 13,2025-07-11,2025-07-15
Shadow Force,AMC Progress Ridge 13,2025-07-11,2025-07-15
A Minecraft Movie,AMC Progress Ridge 13,2025-07-11,2025-07-15
Thunderbolts*,AMC Progress Ridge 13,2025-07-11,2025-07-15
Until Dawn,AMC Progress Ridge 13,2025-07-11,2025-07-15
Disney's Snow White,AMC Progress Ridge 13,2025-07-11,2025-07-15
Thunderbolts*,AMC Vancouver Mall 23,2025-07-11,2025-07-15
A Minecraft Movie,AMC Vancouver Mall 23,2025-07-11,2025-07-15
Sinners,AMC Vancouver Mall 23,2025-07-11,2025-07-15
Juliet & Romeo,AMC Vancouver Mall 23,2025-07-11,2025-07-15
The Accountant 2,AMC Vancouver Mall 23,2025-07-11,2025-07-15
Watch the Skies,AMC Vancouver Mall 23,2025-07-11,2025-07-15
The Surfer,AMC Vancouver Mall 23,2025-07-11,2025-07-15
Shadow Force,AMC Vancouver Mall 23,2025-07-11,2025-07-15
Disney's Snow White,AMC Vancouver Mall 23,2025-07-11,2025-07-15
Fight or Flight,AMC Vancouver Mall 23,2025-07-11,2025-07-15
Wolf Children 4K,AMC Vancouver Mall 23,2025-07-11,2025-07-15
Until Dawn,AMC Vancouver Mall 23,2025-07-11,2025-07-15
Clown in a Cornfield,AMC Vancouver Mall 23,2025-07-11,2025-07-15
Thunderbolts*,AMC Pacific Place 11,2025-07-11,2025-07-15
Watch the Skies,AMC Pacific Place 11,2025-07-11,2025-07-15
A Minecraft Movie,AMC Pacific Place 11,2025-07-11,2025-07-15
A Gilded Game,AMC Pacific Place 11,2025-07-11,2025-07-15
Fight or Flight,AMC Pacific Place 11,2025-07-11,2025-07-15
Shadow Force,AMC Pacific Place 11,2025-07-11,2025-07-15
The Accountant 2,AMC Pacific Place 11,2025-07-11,2025-07-15
Sinners,AMC Pacific Place 11,2025-07-11,2025-07-15
Trapped (dir. Zhang),AMC Pacific Place 11,2025-07-11,2025-07-15
Clown in a Cornfield,AMC Pacific Place 11,2025-07-11,2025-07-15
Magic Farm,AMC Pacific Place 11,2025-07-11,2025-07-15
Thunderbolts*,AMC Kitsap 8,2025-07-11,2025-07-15
Shadow Force,AMC Kitsap 8,2025-07-11,2025-07-15
Fight or Flight,AMC Kitsap 8,2025-07-11,2025-07-15
The Accountant 2,AMC Kitsap 8,2025-07-11,2025-07-15
A Minecraft Movie,AMC Kitsap 8,2025-07-11,2025-07-15
Sinners,AMC Kitsap 8,2025-07-11,2025-07-15
Until Dawn,AMC Kitsap 8,2025-07-11,2025-07-15
Thunderbolts*,AMC Factoria 8,2025-07-11,2025-07-15
Sinners,AMC Factoria 8,2025-07-11,2025-07-15
A Minecraft Movie,AMC Factoria 8,2025-07-11,2025-07-15
Fight or Flight,AMC Factoria 8,2025-07-11,2025-07-15
The Accountant 2,AMC Factoria 8,2025-07-11,2025-07-15
Shadow Force,AMC Factoria 8,2025-07-11,2025-07-15
Thunderbolts*,AMC Oak Tree 6,2025-07-11,2025-07-15
Shadow Force,AMC Oak Tree 6,2025-07-11,2025-07-15
The Accountant 2,AMC Oak Tree 6,2025-07-11,2025-07-15
Sinners,AMC Oak Tree 6,2025-07-11,2025-07-15
A Minecraft Movie,AMC Oak Tree 6,2025-07-11,2025-07-15
Fight or Flight,AMC CLASSIC Cascade Mall 14,2025-07-11,2025-07-15
Sinners,AMC CLASSIC Cascade Mall 14,2025-07-11,2025-07-15
Thunderbolts*,AMC CLASSIC Cascade Mall 14,2025-07-11,2025-07-15
The Surfer,AMC CLASSIC Cascade Mall 14,2025-07-11,2025-07-15
A Minecraft Movie,AMC CLASSIC Cascade Mall 14,2025-07-11,2025-07-15
The Accountant 2,AMC CLASSIC Cascade Mall 14,2025-07-11,2025-07-15
Clown in a Cornfield,AMC CLASSIC Cascade Mall 14,2025-07-11,2025-07-15
Shadow Force,AMC CLASSIC Cascade Mall 14,2025-07-11,2025-07-15
Disney's Snow White,AMC CLASSIC Cascade Mall 14,2025-07-11,2025-07-15
Juliet & Romeo,AMC CLASSIC Cascade Mall 14,2025-07-11,2025-07-15
Until Dawn,AMC CLASSIC Cascade Mall 14,2025-07-11,2025-07-15
Thunderbolts*,AMC Woodinville 12,2025-07-11,2025-07-15
Sinners,AMC Woodinville 12,2025-07-11,2025-07-15
The Accountant 2,AMC Woodinville 12,2025-07-11,2025-07-15
The Surfer,AMC Woodinville 12,2025-07-11,2025-07-15
Shadow Force,AMC Woodinville 12,2025-07-11,2025-07-15
Disney's Snow White,AMC Woodinville 12,2025-07-11,2025-07-15
A Minecraft Movie,AMC Woodinville 12,2025-07-11,2025-07-15
Fight or Flight,AMC Woodinville 12,2025-07-11,2025-07-15
The King of Kings,AMC Woodinville 12,2025-07-11,2025-07-15
Warfare,AMC Woodinville 12,2025-07-11,2025-07-15
Until Dawn,AMC Woodinville 12,2025-07-11,2025-07-15
Clown in a Cornfield,AMC Woodinville 12,2025-07-11,2025-07-15
Becoming Led Zeppelin,AMC Woodinville 12,2025-07-11,2025-07-15
Show Me Your Glory,AMC Woodinville 12,2025-07-11,2025-07-15
Thunderbolts*,AMC Alderwood Mall 16,2025-07-11,2025-07-15
The Ancestral Home / Nha Gia Tien,AMC Alderwood Mall 16,2025-07-11,2025-07-15
The Amateur,AMC Alderwood Mall 16,2025-07-11,2025-07-15
Warfare,AMC Alderwood Mall 16,2025-07-11,2025-07-15
Sinners,AMC Alderwood Mall 16,2025-07-11,2025-07-15
Juliet & Romeo,AMC Alderwood Mall 16,2025-07-11,2025-07-15
Fight or Flight,AMC Alderwood Mall 16,2025-07-11,2025-07-15
The Accountant 2,AMC Alderwood Mall 16,2025-07-11,2025-07-15
Watch the Skies,AMC Alderwood Mall 16,2025-07-11,2025-07-15
A Minecraft Movie,AMC Alderwood Mall 16,2025-07-11,2025-07-15
Shadow Force,AMC Alderwood Mall 16,2025-07-11,2025-07-15
Clown in a Cornfield,AMC Alderwood Mall 16,2025-07-11,2025-07-15
Until Dawn,AMC Alderwood Mall 16,2025-07-11,2025-07-15
Disney's Snow White,AMC Alderwood Mall 16,2025-07-11,2025-07-15
The Surfer,AMC Alderwood Mall 16,2025-07-11,2025-07-15
Hung Up on a Dream: The Zombies Documentary,AMC Alderwood Mall 16,2025-07-11,2025-07-15
Show Me Your Glory,AMC Alderwood Mall 16,2025-07-11,2025-07-15
Wolf Children 4K,AMC Alderwood Mall 16,2025-07-11,2025-07-15
Fight or Flight,AMC CLASSIC Corvallis 12,2025-07-11,2025-07-15
Thunderbolts*,AMC CLASSIC Corvallis 12,2025-07-11,2025-07-15
Sinners,AMC CLASSIC Corvallis 12,2025-07-11,2025-07-15
Watch the Skies,AMC CLASSIC Corvallis 12,2025-07-11,2025-07-15
Juliet & Romeo,AMC CLASSIC Corvallis 12,2025-07-11,2025-07-15
Until Dawn,AMC CLASSIC Corvallis 12,2025-07-11,2025-07-15
The Accountant 2,AMC CLASSIC Corvallis 12,2025-07-11,2025-07-15
Shadow Force,AMC CLASSIC Corvallis 12,2025-07-11,2025-07-15
A Minecraft Movie,AMC CLASSIC Corvallis 12,2025-07-11,2025-07-15
Disney's Snow White,AMC CLASSIC Corvallis 12,2025-07-11,2025-07-15
Subham,AMC CLASSIC Corvallis 12,2025-07-11,2025-07-15
Wolf Children 4K,AMC CLASSIC Corvallis 12,2025-07-11,2025-07-15
Clown in a Cornfield,AMC CLASSIC Corvallis 12,2025-07-11,2025-07-15
Juliet & Romeo,AMC CLASSIC Kennewick 12,2025-07-11,2025-07-15
Subham,AMC CLASSIC Kennewick 12,2025-07-11,2025-07-15
Thunderbolts*,AMC CLASSIC Kennewick 12,2025-07-11,2025-07-15
A Minecraft Movie,AMC CLASSIC Kennewick 12,2025-07-11,2025-07-15
The Accountant 2,AMC CLASSIC Kennewick 12,2025-07-11,2025-07-15
Shadow Force,AMC CLASSIC Kennewick 12,2025-07-11,2025-07-15
Fight or Flight,AMC CLASSIC Kennewick 12,2025-07-11,2025-07-15
Clown in a Cornfield,AMC CLASSIC Kennewick 12,2025-07-11,2025-07-15
Sinners,AMC CLASSIC Kennewick 12,2025-07-11,2025-07-15
Disney's Snow White,AMC CLASSIC Kennewick 12,2025-07-11,2025-07-15
Until Dawn,AMC CLASSIC Kennewick 12,2025-07-11,2025-07-15
Show Me Your Glory,AMC CLASSIC Kennewick 12,2025-07-11,2025-07-15
Hurry Up Tomorrow - Fan Event,AMC River Park Square 20,2025-07-11,2025-07-15
Kingdom of Heaven Director's Cut,AMC River Park Square 20,2025-07-11,2025-07-15
DEMON SLAYER -KIMETSU NO YAIBA- THE MOVIE: MUGEN TRAIN,AMC River Park Square 20,2025-07-11,2025-07-15
ATEEZ WORLD TOUR [TOWARDS THE LIGHT : WILL TO POWER] IN CINEMAS,AMC River Park Square 20,2025-07-11,2025-07-15
The Accountant 2: Sensory Friendly Screening,AMC River Park Square 20,2025-07-11,2025-07-15
Hurry Up Tomorrow - Fan Event,AMC Kent Station 14,2025-07-11,2025-07-15
Kingdom of Heaven Director's Cut,AMC Kent Station 14,2025-07-11,2025-07-15
DEMON SLAYER -KIMETSU NO YAIBA- THE MOVIE: MUGEN TRAIN,AMC Kent Station 14,2025-07-11,2025-07-15
The Accountant 2: Sensory Friendly Screening,AMC Kent Station 14,2025-07-11,2025-07-15
Hurry Up Tomorrow - Fan Event,AMC Southcenter 16,2025-07-11,2025-07-15
Kingdom of Heaven Director's Cut,AMC Southcenter 16,2025-07-11,2025-07-15
DEMON SLAYER -KIMETSU NO YAIBA- THE MOVIE: MUGEN TRAIN,AMC Southcenter 16,2025-07-11,2025-07-15
Ma: Halfway to Halloween,AMC Southcenter 16,2025-07-11,2025-07-15
ATEEZ WORLD TOUR [TOWARDS THE LIGHT : WILL TO POWER] IN CINEMAS,AMC Southcenter 16,2025-07-11,2025-07-15
The Surfer,AMC Progress Ridge 13,2025-07-11,2025-07-15
Hurry Up Tomorrow - Fan Event,AMC Progress Ridge 13,2025-07-11,2025-07-15
Kingdom of Heaven Director's Cut,AMC Progress Ridge 13,2025-07-11,2025-07-15
Hurry Up Tomorrow - Fan Event,AMC Vancouver Mall 23,2025-07-11,2025-07-15
Kingdom of Heaven Director's Cut,AMC Vancouver Mall 23,2025-07-11,2025-07-15
DEMON SLAYER -KIMETSU NO YAIBA- THE MOVIE: MUGEN TRAIN,AMC Vancouver Mall 23,2025-07-11,2025-07-15
Ma: Halfway to Halloween,AMC Vancouver Mall 23,2025-07-11,2025-07-15
Shadow Force,AMC CLASSIC Mill Plain 8,2025-07-11,2025-07-15
Thunderbolts*,AMC CLASSIC Mill Plain 8,2025-07-11,2025-07-15
Until Dawn,AMC CLASSIC Mill Plain 8,2025-07-11,2025-07-15
A Minecraft Movie,AMC CLASSIC Mill Plain 8,2025-07-11,2025-07-15
Clown in a Cornfield,AMC CLASSIC Mill Plain 8,2025-07-11,2025-07-15
The Accountant 2,AMC CLASSIC Mill Plain 8,2025-07-11,2025-07-15
Sinners,AMC CLASSIC Mill Plain 8,2025-07-11,2025-07-15
The Amateur,AMC CLASSIC Mill Plain 8,2025-07-11,2025-07-15
Hurry Up Tomorrow - Fan Event,AMC Pacific Place 11,2025-07-11,2025-07-15
Hurry Up Tomorrow - Fan Event,AMC Factoria 8,2025-07-11,2025-07-15
Hurry Up Tomorrow - Fan Event,AMC Oak Tree 6,2025-07-11,2025-07-15
Thunderbolts*,AMC Lakewood Mall 12,2025-07-11,2025-07-15
The King of Kings,AMC Lakewood Mall 12,2025-07-11,2025-07-15
Until Dawn,AMC Lakewood Mall 12,2025-07-11,2025-07-15
Warfare,AMC Lakewood Mall 12,2025-07-11,2025-07-15
Sinners,AMC Lakewood Mall 12,2025-07-11,2025-07-15
Shadow Force,AMC Lakewood Mall 12,2025-07-11,2025-07-15
The Accountant 2,AMC Lakewood Mall 12,2025-07-11,2025-07-15
Fight or Flight,AMC Lakewood Mall 12,2025-07-11,2025-07-15
A Minecraft Movie,AMC Lakewood Mall 12,2025-07-11,2025-07-15
Clown in a Cornfield,AMC Lakewood Mall 12,2025-07-11,2025-07-15
Hurry Up Tomorrow - Fan Event,AMC Lakewood Mall 12,2025-07-11,2025-07-15
Ma: Halfway to Halloween,AMC Lakewood Mall 12,2025-07-11,2025-07-15
Hurry Up Tomorrow - Fan Event,AMC CLASSIC Cascade Mall 14,2025-07-11,2025-07-15
The Accountant 2: Sensory Friendly Screening,AMC CLASSIC Cascade Mall 14,2025-07-11,2025-07-15
Hurry Up Tomorrow - Fan Event,AMC Woodinville 12,2025-07-11,2025-07-15
Kingdom of Heaven Director's Cut,AMC Woodinville 12,2025-07-11,2025-07-15
Hurry Up Tomorrow - Fan Event,AMC Alderwood Mall 16,2025-07-11,2025-07-15
Kingdom of Heaven Director's Cut,AMC Alderwood Mall 16,2025-07-11,2025-07-15
ATEEZ WORLD TOUR [TOWARDS THE LIGHT : WILL TO POWER] IN CINEMAS,AMC Alderwood Mall 16,2025-07-11,2025-07-15
DEMON SLAYER -KIMETSU NO YAIBA- THE MOVIE: MUGEN TRAIN,AMC Alderwood Mall 16,2025-07-11,2025-07-15
Ma: Halfway to Halloween,AMC Alderwood Mall 16,2025-07-11,2025-07-15
Hurry Up Tomorrow - Fan Event,AMC CLASSIC Corvallis 12,2025-07-11,2025-07-15
Hurry Up Tomorrow - Fan Event,AMC CLASSIC Kennewick 12,2025-07-11,2025-07-15
Final Destination Bloodlines,AMC River Park Square 20,2025-07-11,2025-07-15
Things Like This,AMC River Park Square 20,2025-07-11,2025-07-15
Hurry Up Tomorrow,AMC River Park Square 20,2025-07-11,2025-07-15
A Desert,AMC River Park Square 20,2025-07-11,2025-07-15
The Ruse,AMC River Park Square 20,2025-07-11,2025-07-15
Final Destination Bloodlines,AMC Kent Station 14,2025-07-11,2025-07-15
Hurry Up Tomorrow,AMC Kent Station 14,2025-07-11,2025-07-15
Final Destination Bloodlines,AMC Southcenter 16,2025-07-11,2025-07-15
Hurry Up Tomorrow,AMC Southcenter 16,2025-07-11,2025-07-15
Things Like This,AMC Southcenter 16,2025-07-11,2025-07-15
The Ruse,AMC Southcenter 16,2025-07-11,2025-07-15
Final Destination Bloodlines,AMC Progress Ridge 13,2025-07-11,2025-07-15
Warfare,AMC Progress Ridge 13,2025-07-11,2025-07-15
Hurry Up Tomorrow,AMC Progress Ridge 13,2025-07-11,2025-07-15
A Desert,AMC Progress Ridge 13,2025-07-11,2025-07-15
Final Destination Bloodlines,AMC Vancouver Mall 23,2025-07-11,2025-07-15
Things Like This,AMC Vancouver Mall 23,2025-07-11,2025-07-15
Hurry Up Tomorrow,AMC Vancouver Mall 23,2025-07-11,2025-07-15
Final Destination Bloodlines,AMC CLASSIC Mill Plain 8,2025-07-11,2025-07-15
Final Destination Bloodlines,AMC Pacific Place 11,2025-07-11,2025-07-15
Friendship,AMC Pacific Place 11,2025-07-11,2025-07-15
Things Like This,AMC Pacific Place 11,2025-07-11,2025-07-15
Hurry Up Tomorrow,AMC Pacific Place 11,2025-07-11,2025-07-15
Final Destination Bloodlines,AMC Kitsap 8,2025-07-11,2025-07-15
Hurry Up Tomorrow,AMC Kitsap 8,2025-07-11,2025-07-15
Final Destination Bloodlines,AMC Factoria 8,2025-07-11,2025-07-15
Hurry Up Tomorrow,AMC Factoria 8,2025-07-11,2025-07-15
Final Destination Bloodlines,AMC Oak Tree 6,2025-07-11,2025-07-15
Hurry Up Tomorrow,AMC Oak Tree 6,2025-07-11,2025-07-15
Final Destination Bloodlines,AMC Lakewood Mall 12,2025-07-11,2025-07-15
Hurry Up Tomorrow,AMC Lakewood Mall 12,2025-07-11,2025-07-15
Final Destination Bloodlines,AMC CLASSIC Cascade Mall 14,2025-07-11,2025-07-15
Hurry Up Tomorrow,AMC CLASSIC Cascade Mall 14,2025-07-11,2025-07-15
Final Destination Bloodlines,AMC Woodinville 12,2025-07-11,2025-07-15
Hurry Up Tomorrow,AMC Woodinville 12,2025-07-11,2025-07-15
Final Destination Bloodlines,AMC Alderwood Mall 16,2025-07-11,2025-07-15
Things Like This,AMC Alderwood Mall 16,2025-07-11,2025-07-15
Hurry Up Tomorrow,AMC Alderwood Mall 16,2025-07-11,2025-07-15
The Old Woman with the Knife,AMC Alderwood Mall 16,2025-07-11,2025-07-15
The Ruse,AMC Alderwood Mall 16,2025-07-11,2025-07-15
Final Destination Bloodlines,AMC CLASSIC Corvallis 12,2025-07-11,2025-07-15
Hurry Up Tomorrow,AMC CLASSIC Corvallis 12,2025-07-11,2025-07-15
Final Destination Bloodlines,AMC CLASSIC Kennewick 12,2025-07-11,2025-07-15
Hurry Up Tomorrow,AMC CLASSIC Kennewick 12,2025-07-11,2025-07-15
The Penguin Lessons,AMC River Park Square 20,2025-07-11,2025-07-15
Shaunki Sardar,AMC Southcenter 16,2025-07-11,2025-07-15
Kiki's Delivery Service - Studio Ghibli Fest 2025,AMC River Park Square 20,2025-07-11,2025-07-15
MET Opera: Salome (2025),AMC Kent Station 14,2025-07-11,2025-07-15
Kiki's Delivery Service - Studio Ghibli Fest 2025,AMC Kent Station 14,2025-07-11,2025-07-15
MET Opera: Salome (2025),AMC Southcenter 16,2025-07-11,2025-07-15
Kiki's Delivery Service - Studio Ghibli Fest 2025,AMC Southcenter 16,2025-07-11,2025-07-15
Kiki's Delivery Service - Studio Ghibli Fest 2025,AMC Vancouver Mall 23,2025-07-11,2025-07-15
MET Opera: Salome (2025),AMC Pacific Place 11,2025-07-11,2025-07-15
MET Opera: Salome (2025),AMC Oak Tree 6,2025-07-11,2025-07-15
Kiki's Delivery Service - Studio Ghibli Fest 2025,AMC CLASSIC Cascade Mall 14,2025-07-11,2025-07-15
Kiki's Delivery Service - Studio Ghibli Fest 2025,AMC Alderwood Mall 16,2025-07-11,2025-07-15
Kiki's Delivery Service - Studio Ghibli Fest 2025,AMC CLASSIC Corvallis 12,2025-07-11,2025-07-15
Kiki's Delivery Service - Studio Ghibli Fest 2025,AMC CLASSIC Kennewick 12,2025-07-11,2025-07-15
The Wiz,AMC River Park Square 20,2025-07-11,2025-07-15
The Wiz,AMC Kent Station 14,2025-07-11,2025-07-15
The Wiz,AMC Southcenter 16,2025-07-11,2025-07-15
The Wiz,AMC Lakewood Mall 12,2025-07-11,2025-07-15
The Wiz,AMC Alderwood Mall 16,2025-07-11,2025-07-15
AMC Scream Unseen: May 19,AMC River Park Square 20,2025-07-11,2025-07-15
AMC Scream Unseen: May 19,AMC Kent Station 14,2025-07-11,2025-07-15
AMC Scream Unseen: May 19,AMC Southcenter 16,2025-07-11,2025-07-15
AMC Scream Unseen: May 19,AMC Progress Ridge 13,2025-07-11,2025-07-15
AMC Scream Unseen: May 19,AMC Vancouver Mall 23,2025-07-11,2025-07-15
AMC Scream Unseen: May 19,AMC Pacific Place 11,2025-07-11,2025-07-15
AMC Scream Unseen: May 19,AMC Kitsap 8,2025-07-11,2025-07-15
AMC Scream Unseen: May 19,AMC Factoria 8,2025-07-11,2025-07-15
AMC Scream Unseen: May 19,AMC Oak Tree 6,2025-07-11,2025-07-15
AMC Scream Unseen: May 19,AMC Lakewood Mall 12,2025-07-11,2025-07-15
AMC Scream Unseen: May 19,AMC CLASSIC Cascade Mall 14,2025-07-11,2025-07-15
AMC Scream Unseen: May 19,AMC Alderwood Mall 16,2025-07-11,2025-07-15
AMC Scream Unseen: May 19,AMC CLASSIC Kennewick 12,2025-07-11,2025-07-15
28 Days Later,AMC River Park Square 20,2025-07-11,2025-07-15
28 Days Later,AMC Kent Station 14,2025-07-11,2025-07-15
28 Days Later,AMC Southcenter 16,2025-07-11,2025-07-15
28 Days Later,AMC Lakewood Mall 12,2025-07-11,2025-07-15
28 Days Later,AMC Alderwood Mall 16,2025-07-11,2025-07-15
The Last Rodeo,AMC River Park Square 20,2025-07-11,2025-07-15
Mission: Impossible IMAX Opening Day Fan Event,AMC River Park Square 20,2025-07-11,2025-07-15
Lilo & Stitch,AMC River Park Square 20,2025-07-11,2025-07-15
Mission: Impossible – The Final Reckoning,AMC River Park Square 20,2025-07-11,2025-07-15
Friendship,AMC River Park Square 20,2025-07-11,2025-07-15
Lilo & Stitch Opening Night Fan Event,AMC River Park Square 20,2025-07-11,2025-07-15
Mission: Impossible IMAX Opening Day Fan Event,AMC Kent Station 14,2025-07-11,2025-07-15
Lilo & Stitch,AMC Kent Station 14,2025-07-11,2025-07-15
The Last Rodeo,AMC Kent Station 14,2025-07-11,2025-07-15
Mission: Impossible – The Final Reckoning,AMC Kent Station 14,2025-07-11,2025-07-15
Friendship,AMC Kent Station 14,2025-07-11,2025-07-15
Lilo & Stitch Opening Night Fan Event,AMC Kent Station 14,2025-07-11,2025-07-15
Mission: Impossible IMAX Opening Day Fan Event,AMC Southcenter 16,2025-07-11,2025-07-15
Lilo & Stitch,AMC Southcenter 16,2025-07-11,2025-07-15
The Last Rodeo,AMC Southcenter 16,2025-07-11,2025-07-15
Mission: Impossible – The Final Reckoning,AMC Southcenter 16,2025-07-11,2025-07-15
Friendship,AMC Southcenter 16,2025-07-11,2025-07-15
Lilo & Stitch Opening Night Fan Event,AMC Southcenter 16,2025-07-11,2025-07-15
Lilo & Stitch,AMC Progress Ridge 13,2025-07-11,2025-07-15
Mission: Impossible – The Final Reckoning,AMC Progress Ridge 13,2025-07-11,2025-07-15
The Last Rodeo,AMC Progress Ridge 13,2025-07-11,2025-07-15
Lilo & Stitch,AMC Vancouver Mall 23,2025-07-11,2025-07-15
Mission: Impossible – The Final Reckoning,AMC Vancouver Mall 23,2025-07-11,2025-07-15
Friendship,AMC Vancouver Mall 23,2025-07-11,2025-07-15
The Last Rodeo,AMC Vancouver Mall 23,2025-07-11,2025-07-15
Lilo & Stitch Opening Night Fan Event,AMC Vancouver Mall 23,2025-07-11,2025-07-15
Lilo & Stitch,AMC CLASSIC Mill Plain 8,2025-07-11,2025-07-15
The Last Rodeo,AMC CLASSIC Mill Plain 8,2025-07-11,2025-07-15
Mission: Impossible – The Final Reckoning,AMC CLASSIC Mill Plain 8,2025-07-11,2025-07-15
Lilo & Stitch,AMC Pacific Place 11,2025-07-11,2025-07-15
Mission: Impossible – The Final Reckoning,AMC Pacific Place 11,2025-07-11,2025-07-15
Lilo & Stitch,AMC Kitsap 8,2025-07-11,2025-07-15
Mission: Impossible – The Final Reckoning,AMC Kitsap 8,2025-07-11,2025-07-15
Lilo & Stitch,AMC Factoria 8,2025-07-11,2025-07-15
Mission: Impossible – The Final Reckoning,AMC Factoria 8,2025-07-11,2025-07-15
Lilo & Stitch,AMC Oak Tree 6,2025-07-11,2025-07-15
Mission: Impossible – The Final Reckoning,AMC Oak Tree 6,2025-07-11,2025-07-15
Lilo & Stitch,AMC Lakewood Mall 12,2025-07-11,2025-07-15
Mission: Impossible – The Final Reckoning,AMC Lakewood Mall 12,2025-07-11,2025-07-15
The Last Rodeo,AMC Lakewood Mall 12,2025-07-11,2025-07-15
Friendship,AMC Lakewood Mall 12,2025-07-11,2025-07-15
Lilo & Stitch,AMC CLASSIC Cascade Mall 14,2025-07-11,2025-07-15
The Last Rodeo,AMC CLASSIC Cascade Mall 14,2025-07-11,2025-07-15
Mission: Impossible – The Final Reckoning,AMC CLASSIC Cascade Mall 14,2025-07-11,2025-07-15
The Last Rodeo,AMC Woodinville 12,2025-07-11,2025-07-15
Lilo & Stitch,AMC Woodinville 12,2025-07-11,2025-07-15
Mission: Impossible – The Final Reckoning,AMC Woodinville 12,2025-07-11,2025-07-15
Friendship,AMC Woodinville 12,2025-07-11,2025-07-15
Lilo & Stitch Opening Night Fan Event,AMC Woodinville 12,2025-07-11,2025-07-15
The Last Rodeo,AMC Alderwood Mall 16,2025-07-11,2025-07-15
Mission: Impossible IMAX Opening Day Fan Event,AMC Alderwood Mall 16,2025-07-11,2025-07-15
Lilo & Stitch,AMC Alderwood Mall 16,2025-07-11,2025-07-15
Mission: Impossible – The Final Reckoning,AMC Alderwood Mall 16,2025-07-11,2025-07-15
Friendship,AMC Alderwood Mall 16,2025-07-11,2025-07-15
Lilo & Stitch Opening Night Fan Event,AMC Alderwood Mall 16,2025-07-11,2025-07-15
Lilo & Stitch,AMC CLASSIC Corvallis 12,2025-07-11,2025-07-15
Mission: Impossible – The Final Reckoning,AMC CLASSIC Corvallis 12,2025-07-11,2025-07-15
The Last Rodeo,AMC CLASSIC Corvallis 12,2025-07-11,2025-07-15
The Last Rodeo,AMC CLASSIC Kennewick 12,2025-07-11,2025-07-15
Lilo & Stitch,AMC CLASSIC Kennewick 12,2025-07-11,2025-07-15
Mission: Impossible – The Final Reckoning,AMC CLASSIC Kennewick 12,2025-07-11,2025-07-15
Thunderbolts*: Sensory Friendly Screening,AMC River Park Square 20,2025-07-11,2025-07-15
Thunderbolts*: Sensory Friendly Screening,AMC Kent Station 14,2025-07-11,2025-07-15
Thunderbolts*: Sensory Friendly Screening,AMC CLASSIC Cascade Mall 14,2025-07-11,2025-07-15
Thunderbolts*: Sensory Friendly Screening,AMC Woodinville 12,2025-07-11,2025-07-15
The Last Rodeo,AMC Pacific Place 11,2025-07-11,2025-07-15
Mission: Impossible - The Final Reckoning: Sensory Friendly Screening,AMC River Park Square 20,2025-07-11,2025-07-15
Ado SPECIAL LIVE 'Shinzou' in Cinema,AMC River Park Square 20,2025-07-11,2025-07-15
Ado SPECIAL LIVE 'Shinzou' in Cinema,AMC Kent Station 14,2025-07-11,2025-07-15
Mission: Impossible - The Final Reckoning: Sensory Friendly Screening,AMC Kent Station 14,2025-07-11,2025-07-15
Ado SPECIAL LIVE 'Shinzou' in Cinema,AMC Southcenter 16,2025-07-11,2025-07-15
Mission: Impossible - The Final Reckoning: Sensory Friendly Screening,AMC CLASSIC Cascade Mall 14,2025-07-11,2025-07-15
Ado SPECIAL LIVE 'Shinzou' in Cinema,AMC Alderwood Mall 16,2025-07-11,2025-07-15
Jane Austen Wrecked My Life,AMC River Park Square 20,2025-07-11,2025-07-15
Karate Kid: Legends,AMC River Park Square 20,2025-07-11,2025-07-15
Bring Her Back,AMC River Park Square 20,2025-07-11,2025-07-15
Tornado,AMC River Park Square 20,2025-07-11,2025-07-15
Jane Austen Wrecked My Life,AMC Kent Station 14,2025-07-11,2025-07-15
Karate Kid: Legends,AMC Kent Station 14,2025-07-11,2025-07-15
Bring Her Back,AMC Kent Station 14,2025-07-11,2025-07-15
Karate Kid: Legends,AMC Southcenter 16,2025-07-11,2025-07-15
Bring Her Back,AMC Southcenter 16,2025-07-11,2025-07-15
Tornado,AMC Southcenter 16,2025-07-11,2025-07-15
Detective Kien: The Headless Horror,AMC Southcenter 16,2025-07-11,2025-07-15
Karate Kid: Legends,AMC Progress Ridge 13,2025-07-11,2025-07-15
Tornado,AMC Progress Ridge 13,2025-07-11,2025-07-15
Bring Her Back,AMC Progress Ridge 13,2025-07-11,2025-07-15
Karate Kid: Legends,AMC Vancouver Mall 23,2025-07-11,2025-07-15
Bring Her Back,AMC Vancouver Mall 23,2025-07-11,2025-07-15
Tornado,AMC Vancouver Mall 23,2025-07-11,2025-07-15
Detective Kien: The Headless Horror,AMC Vancouver Mall 23,2025-07-11,2025-07-15
Karate Kid: Legends,AMC CLASSIC Mill Plain 8,2025-07-11,2025-07-15
Bring Her Back,AMC CLASSIC Mill Plain 8,2025-07-11,2025-07-15
Jane Austen Wrecked My Life,AMC Pacific Place 11,2025-07-11,2025-07-15
Karate Kid: Legends,AMC Pacific Place 11,2025-07-11,2025-07-15
Bring Her Back,AMC Pacific Place 11,2025-07-11,2025-07-15
Detective Kien: The Headless Horror,AMC Pacific Place 11,2025-07-11,2025-07-15
Bring Her Back,AMC Kitsap 8,2025-07-11,2025-07-15
Karate Kid: Legends,AMC Kitsap 8,2025-07-11,2025-07-15
Karate Kid: Legends,AMC Factoria 8,2025-07-11,2025-07-15
Bring Her Back,AMC Factoria 8,2025-07-11,2025-07-15
Karate Kid: Legends,AMC Oak Tree 6,2025-07-11,2025-07-15
Bring Her Back,AMC Oak Tree 6,2025-07-11,2025-07-15
Karate Kid: Legends,AMC Lakewood Mall 12,2025-07-11,2025-07-15
Bring Her Back,AMC Lakewood Mall 12,2025-07-11,2025-07-15
Detective Kien: The Headless Horror,AMC Lakewood Mall 12,2025-07-11,2025-07-15
Karate Kid: Legends,AMC CLASSIC Cascade Mall 14,2025-07-11,2025-07-15
Bring Her Back,AMC CLASSIC Cascade Mall 14,2025-07-11,2025-07-15
Friendship,AMC CLASSIC Cascade Mall 14,2025-07-11,2025-07-15
Tornado,AMC CLASSIC Cascade Mall 14,2025-07-11,2025-07-15
Karate Kid: Legends,AMC Woodinville 12,2025-07-11,2025-07-15
Bring Her Back,AMC Woodinville 12,2025-07-11,2025-07-15
Jane Austen Wrecked My Life,AMC Alderwood Mall 16,2025-07-11,2025-07-15
Karate Kid: Legends,AMC Alderwood Mall 16,2025-07-11,2025-07-15
Tornado,AMC Alderwood Mall 16,2025-07-11,2025-07-15
Bring Her Back,AMC Alderwood Mall 16,2025-07-11,2025-07-15
Karate Kid: Legends,AMC CLASSIC Corvallis 12,2025-07-11,2025-07-15
Bring Her Back,AMC CLASSIC Corvallis 12,2025-07-11,2025-07-15
Tornado,AMC CLASSIC Corvallis 12,2025-07-11,2025-07-15
Karate Kid: Legends,AMC CLASSIC Kennewick 12,2025-07-11,2025-07-15
Bring Her Back,AMC CLASSIC Kennewick 12,2025-07-11,2025-07-15
Peppa Meets the Baby Cinema Experience,AMC Southcenter 16,2025-07-11,2025-07-15
Peppa Meets the Baby Cinema Experience,AMC Alderwood Mall 16,2025-07-11,2025-07-15
MET Opera: Il Barbiere di Siviglia (2025),AMC Kent Station 14,2025-07-11,2025-07-15
MET Opera: Il Barbiere di Siviglia (2025),AMC Southcenter 16,2025-07-11,2025-07-15
j-hope Tour 'HOPE ON THE STAGE' in JAPAN: LIVE VIEWING,AMC Southcenter 16,2025-07-11,2025-07-15
MET Opera: Il Barbiere di Siviglia (2025),AMC Pacific Place 11,2025-07-11,2025-07-15
MET Opera: Il Barbiere di Siviglia (2025),AMC Oak Tree 6,2025-07-11,2025-07-15
j-hope Tour 'HOPE ON THE STAGE' in JAPAN: LIVE VIEWING,AMC Alderwood Mall 16,2025-07-11,2025-07-15
AMC Screen Unseen: June 2,AMC River Park Square 20,2025-07-11,2025-07-15
AMC Screen Unseen: June 2,AMC Kent Station 14,2025-07-11,2025-07-15
AMC Screen Unseen: June 2,AMC Southcenter 16,2025-07-11,2025-07-15
AMC Screen Unseen: June 2,AMC Progress Ridge 13,2025-07-11,2025-07-15
AMC Screen Unseen: June 2,AMC Vancouver Mall 23,2025-07-11,2025-07-15
AMC Screen Unseen: June 2,AMC Pacific Place 11,2025-07-11,2025-07-15
AMC Screen Unseen: June 2,AMC Kitsap 8,2025-07-11,2025-07-15
AMC Screen Unseen: June 2,AMC Oak Tree 6,2025-07-11,2025-07-15
AMC Screen Unseen: June 2,AMC Lakewood Mall 12,2025-07-11,2025-07-15
AMC Screen Unseen: June 2,AMC CLASSIC Cascade Mall 14,2025-07-11,2025-07-15
AMC Screen Unseen: June 2,AMC Woodinville 12,2025-07-11,2025-07-15
AMC Screen Unseen: June 2,AMC Alderwood Mall 16,2025-07-11,2025-07-15
AMC Screen Unseen: June 2,AMC CLASSIC Kennewick 12,2025-07-11,2025-07-15
Dangerous Animals: Early Access Screenings,AMC River Park Square 20,2025-07-11,2025-07-15
Dangerous Animals: Early Access Screenings,AMC Southcenter 16,2025-07-11,2025-07-15
Dangerous Animals: Early Access Screenings,AMC Vancouver Mall 23,2025-07-11,2025-07-15
Dangerous Animals: Early Access Screenings,AMC Pacific Place 11,2025-07-11,2025-07-15
Dangerous Animals: Early Access Screenings,AMC Alderwood Mall 16,2025-07-11,2025-07-15
Ballerina - Early Access,AMC River Park Square 20,2025-07-11,2025-07-15
Ballerina - Early Access,AMC Kent Station 14,2025-07-11,2025-07-15
Ballerina - Early Access,AMC Southcenter 16,2025-07-11,2025-07-15
Ballerina - Early Access,AMC Progress Ridge 13,2025-07-11,2025-07-15
Ballerina - Early Access,AMC Vancouver Mall 23,2025-07-11,2025-07-15
Ballerina - Early Access,AMC Woodinville 12,2025-07-11,2025-07-15
Wicked Movie + Wicked: For Good Trailer Debut,AMC Alderwood Mall 16,2025-07-11,2025-07-15
Ballerina - Early Access,AMC Alderwood Mall 16,2025-07-11,2025-07-15
Thug Life,AMC CLASSIC Corvallis 12,2025-07-11,2025-07-15
The Phoenician Scheme,AMC River Park Square 20,2025-07-11,2025-07-15
Dan Da Dan: Evil Eye,AMC River Park Square 20,2025-07-11,2025-07-15
Dangerous Animals,AMC River Park Square 20,2025-07-11,2025-07-15
Ballerina,AMC River Park Square 20,2025-07-11,2025-07-15
I Don't Understand You,AMC River Park Square 20,2025-07-11,2025-07-15
Turnstile: Never Enough,AMC River Park Square 20,2025-07-11,2025-07-15
The Ritual,AMC River Park Square 20,2025-07-11,2025-07-15
Dogma: Resurrected! A 25th Anniversary Celebration,AMC River Park Square 20,2025-07-11,2025-07-15
The Phoenician Scheme,AMC Kent Station 14,2025-07-11,2025-07-15
Dan Da Dan: Evil Eye,AMC Kent Station 14,2025-07-11,2025-07-15
Dangerous Animals,AMC Kent Station 14,2025-07-11,2025-07-15
Ballerina,AMC Kent Station 14,2025-07-11,2025-07-15
The Ritual,AMC Kent Station 14,2025-07-11,2025-07-15
Dogma: Resurrected! A 25th Anniversary Celebration,AMC Kent Station 14,2025-07-11,2025-07-15
The Phoenician Scheme,AMC Southcenter 16,2025-07-11,2025-07-15
Dan Da Dan: Evil Eye,AMC Southcenter 16,2025-07-11,2025-07-15
Dangerous Animals,AMC Southcenter 16,2025-07-11,2025-07-15
Ballerina,AMC Southcenter 16,2025-07-11,2025-07-15
Turnstile: Never Enough,AMC Southcenter 16,2025-07-11,2025-07-15
The Ritual,AMC Southcenter 16,2025-07-11,2025-07-15
I Don't Understand You,AMC Southcenter 16,2025-07-11,2025-07-15
Dogma: Resurrected! A 25th Anniversary Celebration,AMC Southcenter 16,2025-07-11,2025-07-15
The Phoenician Scheme,AMC Progress Ridge 13,2025-07-11,2025-07-15
Dan Da Dan: Evil Eye,AMC Progress Ridge 13,2025-07-11,2025-07-15
Ballerina,AMC Progress Ridge 13,2025-07-11,2025-07-15
Dogma: Resurrected! A 25th Anniversary Celebration,AMC Progress Ridge 13,2025-07-11,2025-07-15
Dangerous Animals,AMC Progress Ridge 13,2025-07-11,2025-07-15
The Phoenician Scheme,AMC Vancouver Mall 23,2025-07-11,2025-07-15
Dan Da Dan: Evil Eye,AMC Vancouver Mall 23,2025-07-11,2025-07-15
Ballerina,AMC Vancouver Mall 23,2025-07-11,2025-07-15
Turnstile: Never Enough,AMC Vancouver Mall 23,2025-07-11,2025-07-15
Dogma: Resurrected! A 25th Anniversary Celebration,AMC Vancouver Mall 23,2025-07-11,2025-07-15
Dangerous Animals,AMC Vancouver Mall 23,2025-07-11,2025-07-15
Dangerous Animals,AMC CLASSIC Mill Plain 8,2025-07-11,2025-07-15
Ballerina,AMC CLASSIC Mill Plain 8,2025-07-11,2025-07-15
The Phoenician Scheme,AMC Pacific Place 11,2025-07-11,2025-07-15
Dangerous Animals,AMC Pacific Place 11,2025-07-11,2025-07-15
Ballerina,AMC Pacific Place 11,2025-07-11,2025-07-15
The Phoenician Scheme,AMC Kitsap 8,2025-07-11,2025-07-15
Ballerina,AMC Kitsap 8,2025-07-11,2025-07-15
The Phoenician Scheme,AMC Factoria 8,2025-07-11,2025-07-15
Ballerina,AMC Factoria 8,2025-07-11,2025-07-15
Ballerina,AMC Oak Tree 6,2025-07-11,2025-07-15
The Phoenician Scheme,AMC Lakewood Mall 12,2025-07-11,2025-07-15
Dan Da Dan: Evil Eye,AMC Lakewood Mall 12,2025-07-11,2025-07-15
Dangerous Animals,AMC Lakewood Mall 12,2025-07-11,2025-07-15
Ballerina,AMC Lakewood Mall 12,2025-07-11,2025-07-15
The Phoenician Scheme,AMC CLASSIC Cascade Mall 14,2025-07-11,2025-07-15
Dan Da Dan: Evil Eye,AMC CLASSIC Cascade Mall 14,2025-07-11,2025-07-15
Dangerous Animals,AMC CLASSIC Cascade Mall 14,2025-07-11,2025-07-15
Ballerina,AMC CLASSIC Cascade Mall 14,2025-07-11,2025-07-15
The Ritual,AMC CLASSIC Cascade Mall 14,2025-07-11,2025-07-15
Dogma: Resurrected! A 25th Anniversary Celebration,AMC CLASSIC Cascade Mall 14,2025-07-11,2025-07-15
The Phoenician Scheme,AMC Woodinville 12,2025-07-11,2025-07-15
Dan Da Dan: Evil Eye,AMC Woodinville 12,2025-07-11,2025-07-15
Dangerous Animals,AMC Woodinville 12,2025-07-11,2025-07-15
Ballerina,AMC Woodinville 12,2025-07-11,2025-07-15
Turnstile: Never Enough,AMC Woodinville 12,2025-07-11,2025-07-15
The Phoenician Scheme,AMC Alderwood Mall 16,2025-07-11,2025-07-15
Dan Da Dan: Evil Eye,AMC Alderwood Mall 16,2025-07-11,2025-07-15
Dangerous Animals,AMC Alderwood Mall 16,2025-07-11,2025-07-15
Ballerina,AMC Alderwood Mall 16,2025-07-11,2025-07-15
The Ritual,AMC Alderwood Mall 16,2025-07-11,2025-07-15
Turnstile: Never Enough,AMC Alderwood Mall 16,2025-07-11,2025-07-15
I Don't Understand You,AMC Alderwood Mall 16,2025-07-11,2025-07-15
Dogma: Resurrected! A 25th Anniversary Celebration,AMC Alderwood Mall 16,2025-07-11,2025-07-15
The Phoenician Scheme,AMC CLASSIC Corvallis 12,2025-07-11,2025-07-15
Dangerous Animals,AMC CLASSIC Corvallis 12,2025-07-11,2025-07-15
Dan Da Dan: Evil Eye,AMC CLASSIC Corvallis 12,2025-07-11,2025-07-15
Ballerina,AMC CLASSIC Corvallis 12,2025-07-11,2025-07-15
The Ritual,AMC CLASSIC Corvallis 12,2025-07-11,2025-07-15
Dogma: Resurrected! A 25th Anniversary Celebration,AMC CLASSIC Corvallis 12,2025-07-11,2025-07-15
The Phoenician Scheme,AMC CLASSIC Kennewick 12,2025-07-11,2025-07-15
Dan Da Dan: Evil Eye,AMC CLASSIC Kennewick 12,2025-07-11,2025-07-15
Dangerous Animals,AMC CLASSIC Kennewick 12,2025-07-11,2025-07-15
Ballerina,AMC CLASSIC Kennewick 12,2025-07-11,2025-07-15
The Ritual,AMC CLASSIC Kennewick 12,2025-07-11,2025-07-15
Dogma: Resurrected! A 25th Anniversary Celebration,AMC CLASSIC Kennewick 12,2025-07-11,2025-07-15
Housefull 5,AMC River Park Square 20,2025-07-11,2025-07-15
Housefull 5,AMC Southcenter 16,2025-07-11,2025-07-15
Housefull 5 - Alternate Ending,AMC Southcenter 16,2025-07-11,2025-07-15
Big Deal,AMC Alderwood Mall 16,2025-07-11,2025-07-15
BAEKHYUN: Lonsdaleite [dot] IN CINEMAS,AMC Alderwood Mall 16,2025-07-11,2025-07-15
Housefull 5 - Alternate Ending,AMC River Park Square 20,2025-07-11,2025-07-15
UFC 316: Dvalishvili vs. O'Malley 2,AMC Kent Station 14,2025-07-11,2025-07-15
Prime Minister Early Access with Livestream Q&A,AMC Southcenter 16,2025-07-11,2025-07-15
Prime Minister Early Access with Livestream Q&A,AMC Alderwood Mall 16,2025-07-11,2025-07-15
The American Miracle - Our Nation is No Accident,AMC Southcenter 16,2025-07-11,2025-07-15
Escape from the 21st Century,AMC Southcenter 16,2025-07-11,2025-07-15
Escape from the 21st Century,AMC Pacific Place 11,2025-07-11,2025-07-15
The American Miracle - Our Nation is No Accident,AMC CLASSIC Cascade Mall 14,2025-07-11,2025-07-15
Escape from the 21st Century,AMC Alderwood Mall 16,2025-07-11,2025-07-15
The American Miracle - Our Nation is No Accident,AMC River Park Square 20,2025-07-11,2025-07-15
The American Miracle - Our Nation is No Accident,AMC Alderwood Mall 16,2025-07-11,2025-07-15
How to Train Your Dragon: Early Access Screenings,AMC River Park Square 20,2025-07-11,2025-07-15
Karate Kid: Legends: Sensory Friendly Screening,AMC River Park Square 20,2025-07-11,2025-07-15
How to Train Your Dragon: Early Access Screenings,AMC Kent Station 14,2025-07-11,2025-07-15
Karate Kid: Legends: Sensory Friendly Screening,AMC Kent Station 14,2025-07-11,2025-07-15
How to Train Your Dragon: Early Access Screenings,AMC Southcenter 16,2025-07-11,2025-07-15
Past Lives,AMC Southcenter 16,2025-07-11,2025-07-15
How to Train Your Dragon: Early Access Screenings,AMC Progress Ridge 13,2025-07-11,2025-07-15
How to Train Your Dragon: Early Access Screenings,AMC Vancouver Mall 23,2025-07-11,2025-07-15
How to Train Your Dragon: Early Access Screenings,AMC Pacific Place 11,2025-07-11,2025-07-15
How to Train Your Dragon: Early Access Screenings,AMC Kitsap 8,2025-07-11,2025-07-15
How to Train Your Dragon: Early Access Screenings,AMC Factoria 8,2025-07-11,2025-07-15
How to Train Your Dragon: Early Access Screenings,AMC Oak Tree 6,2025-07-11,2025-07-15
How to Train Your Dragon: Early Access Screenings,AMC Lakewood Mall 12,2025-07-11,2025-07-15
How to Train Your Dragon: Early Access Screenings,AMC CLASSIC Cascade Mall 14,2025-07-11,2025-07-15
Karate Kid: Legends: Sensory Friendly Screening,AMC CLASSIC Cascade Mall 14,2025-07-11,2025-07-15
How to Train Your Dragon: Early Access Screenings,AMC Woodinville 12,2025-07-11,2025-07-15
Karate Kid: Legends: Sensory Friendly Screening,AMC Woodinville 12,2025-07-11,2025-07-15
How to Train Your Dragon: Early Access Screenings,AMC Alderwood Mall 16,2025-07-11,2025-07-15
Past Lives,AMC Alderwood Mall 16,2025-07-11,2025-07-15
How to Train Your Dragon: Early Access Screenings,AMC CLASSIC Corvallis 12,2025-07-11,2025-07-15
How to Train Your Dragon: Early Access Screenings,AMC CLASSIC Kennewick 12,2025-07-11,2025-07-15
Materialists,AMC River Park Square 20,2025-07-11,2025-07-15
How to Train Your Dragon,AMC River Park Square 20,2025-07-11,2025-07-15
The Life of Chuck,AMC River Park Square 20,2025-07-11,2025-07-15
Miley Cyrus: Something Beautiful,AMC River Park Square 20,2025-07-11,2025-07-15
Pavements,AMC River Park Square 20,2025-07-11,2025-07-15
The Unholy Trinity,AMC River Park Square 20,2025-07-11,2025-07-15
Materialists,AMC Kent Station 14,2025-07-11,2025-07-15
How to Train Your Dragon,AMC Kent Station 14,2025-07-11,2025-07-15
The Unholy Trinity,AMC Kent Station 14,2025-07-11,2025-07-15
The Life of Chuck,AMC Kent Station 14,2025-07-11,2025-07-15
Materialists,AMC Southcenter 16,2025-07-11,2025-07-15
How to Train Your Dragon,AMC Southcenter 16,2025-07-11,2025-07-15
Prime Minister,AMC Southcenter 16,2025-07-11,2025-07-15
The Life of Chuck,AMC Southcenter 16,2025-07-11,2025-07-15
Miley Cyrus: Something Beautiful,AMC Southcenter 16,2025-07-11,2025-07-15
Pavements,AMC Southcenter 16,2025-07-11,2025-07-15
The Unholy Trinity,AMC Southcenter 16,2025-07-11,2025-07-15
How to Train Your Dragon,AMC Progress Ridge 13,2025-07-11,2025-07-15
Materialists,AMC Progress Ridge 13,2025-07-11,2025-07-15
The Unholy Trinity,AMC Progress Ridge 13,2025-07-11,2025-07-15
Materialists,AMC Vancouver Mall 23,2025-07-11,2025-07-15
How to Train Your Dragon,AMC Vancouver Mall 23,2025-07-11,2025-07-15
The Unholy Trinity,AMC Vancouver Mall 23,2025-07-11,2025-07-15
The Life of Chuck,AMC Vancouver Mall 23,2025-07-11,2025-07-15
Materialists,AMC CLASSIC Mill Plain 8,2025-07-11,2025-07-15
How to Train Your Dragon,AMC CLASSIC Mill Plain 8,2025-07-11,2025-07-15
Materialists,AMC Pacific Place 11,2025-07-11,2025-07-15
How to Train Your Dragon,AMC Pacific Place 11,2025-07-11,2025-07-15
Prime Minister,AMC Pacific Place 11,2025-07-11,2025-07-15
The Life of Chuck,AMC Pacific Place 11,2025-07-11,2025-07-15
Materialists,AMC Kitsap 8,2025-07-11,2025-07-15
How to Train Your Dragon,AMC Kitsap 8,2025-07-11,2025-07-15
Materialists,AMC Factoria 8,2025-07-11,2025-07-15
How to Train Your Dragon,AMC Factoria 8,2025-07-11,2025-07-15
Materialists,AMC Oak Tree 6,2025-07-11,2025-07-15
How to Train Your Dragon,AMC Oak Tree 6,2025-07-11,2025-07-15
Materialists,AMC Lakewood Mall 12,2025-07-11,2025-07-15
How to Train Your Dragon,AMC Lakewood Mall 12,2025-07-11,2025-07-15
The Life of Chuck,AMC Lakewood Mall 12,2025-07-11,2025-07-15
Materialists,AMC CLASSIC Cascade Mall 14,2025-07-11,2025-07-15
How to Train Your Dragon,AMC CLASSIC Cascade Mall 14,2025-07-11,2025-07-15
The Unholy Trinity,AMC CLASSIC Cascade Mall 14,2025-07-11,2025-07-15
Materialists,AMC Woodinville 12,2025-07-11,2025-07-15
How to Train Your Dragon,AMC Woodinville 12,2025-07-11,2025-07-15
The Unholy Trinity,AMC Woodinville 12,2025-07-11,2025-07-15
The Life of Chuck,AMC Woodinville 12,2025-07-11,2025-07-15
Materialists,AMC Alderwood Mall 16,2025-07-11,2025-07-15
How to Train Your Dragon,AMC Alderwood Mall 16,2025-07-11,2025-07-15
The Unholy Trinity,AMC Alderwood Mall 16,2025-07-11,2025-07-15
Prime Minister,AMC Alderwood Mall 16,2025-07-11,2025-07-15
The Life of Chuck,AMC Alderwood Mall 16,2025-07-11,2025-07-15
Miley Cyrus: Something Beautiful,AMC Alderwood Mall 16,2025-07-11,2025-07-15
Pavements,AMC Alderwood Mall 16,2025-07-11,2025-07-15
Materialists,AMC CLASSIC Corvallis 12,2025-07-11,2025-07-15
How to Train Your Dragon,AMC CLASSIC Corvallis 12,2025-07-11,2025-07-15
The Life of Chuck,AMC CLASSIC Corvallis 12,2025-07-11,2025-07-15
The Unholy Trinity,AMC CLASSIC Corvallis 12,2025-07-11,2025-07-15
Materialists,AMC CLASSIC Kennewick 12,2025-07-11,2025-07-15
How to Train Your Dragon,AMC CLASSIC Kennewick 12,2025-07-11,2025-07-15
The Unholy Trinity,AMC CLASSIC Kennewick 12,2025-07-11,2025-07-15
Friday The 13th - 45th Anniversary,AMC River Park Square 20,2025-07-11,2025-07-15
Friday The 13th - 45th Anniversary,AMC Southcenter 16,2025-07-11,2025-07-15
Friday The 13th - 45th Anniversary,AMC Alderwood Mall 16,2025-07-11,2025-07-15
Lilo & Stitch: Sensory Friendly Screening,AMC River Park Square 20,2025-07-11,2025-07-15
Indiana Jones and the Last Crusade (2025),AMC River Park Square 20,2025-07-11,2025-07-15
Lilo & Stitch: Sensory Friendly Screening,AMC Kent Station 14,2025-07-11,2025-07-15
Indiana Jones and the Last Crusade (2025),AMC Kent Station 14,2025-07-11,2025-07-15
Indiana Jones and the Last Crusade (2025),AMC Southcenter 16,2025-07-11,2025-07-15
Indiana Jones and the Last Crusade (2025),AMC Vancouver Mall 23,2025-07-11,2025-07-15
Indiana Jones and the Last Crusade (2025),AMC Lakewood Mall 12,2025-07-11,2025-07-15
Lilo & Stitch: Sensory Friendly Screening,AMC CLASSIC Cascade Mall 14,2025-07-11,2025-07-15
Lilo & Stitch: Sensory Friendly Screening,AMC Woodinville 12,2025-07-11,2025-07-15
Indiana Jones and the Last Crusade (2025),AMC Woodinville 12,2025-07-11,2025-07-15
Indiana Jones and the Last Crusade (2025),AMC Alderwood Mall 16,2025-07-11,2025-07-15
AMC Screen Unseen: June 16,AMC River Park Square 20,2025-07-11,2025-07-15
given The Double Album: Hiiragi mix & To The Sea,AMC River Park Square 20,2025-07-11,2025-07-15
AMC Screen Unseen: June 16,AMC Kent Station 14,2025-07-11,2025-07-15
Finding Faith (Healed by Jesus),AMC Southcenter 16,2025-07-11,2025-07-15
AMC Screen Unseen: June 16,AMC Southcenter 16,2025-07-11,2025-07-15
given The Double Album: Hiiragi mix & To The Sea,AMC Southcenter 16,2025-07-11,2025-07-15
AMC Screen Unseen: June 16,AMC Progress Ridge 13,2025-07-11,2025-07-15
AMC Screen Unseen: June 16,AMC Vancouver Mall 23,2025-07-11,2025-07-15
given The Double Album: Hiiragi mix & To The Sea,AMC Vancouver Mall 23,2025-07-11,2025-07-15
AMC Screen Unseen: June 16,AMC Pacific Place 11,2025-07-11,2025-07-15
AMC Screen Unseen: June 16,AMC Kitsap 8,2025-07-11,2025-07-15
AMC Screen Unseen: June 16,AMC Factoria 8,2025-07-11,2025-07-15
AMC Screen Unseen: June 16,AMC Oak Tree 6,2025-07-11,2025-07-15
AMC Screen Unseen: June 16,AMC Lakewood Mall 12,2025-07-11,2025-07-15
AMC Screen Unseen: June 16,AMC CLASSIC Cascade Mall 14,2025-07-11,2025-07-15
AMC Screen Unseen: June 16,AMC Woodinville 12,2025-07-11,2025-07-15
AMC Screen Unseen: June 16,AMC Alderwood Mall 16,2025-07-11,2025-07-15
given The Double Album: Hiiragi mix & To The Sea,AMC Alderwood Mall 16,2025-07-11,2025-07-15
AMC Screen Unseen: June 16,AMC CLASSIC Kennewick 12,2025-07-11,2025-07-15
Elio Early Access,AMC River Park Square 20,2025-07-11,2025-07-15
Elio Early Access,AMC Kent Station 14,2025-07-11,2025-07-15
Elio Early Access,AMC Southcenter 16,2025-07-11,2025-07-15
Elio Early Access,AMC Factoria 8,2025-07-11,2025-07-15
Elio Early Access,AMC Lakewood Mall 12,2025-07-11,2025-07-15
Elio Early Access,AMC Woodinville 12,2025-07-11,2025-07-15
Elio Early Access,AMC Alderwood Mall 16,2025-07-11,2025-07-15
28 Years Later,AMC River Park Square 20,2025-07-11,2025-07-15
Elio,AMC River Park Square 20,2025-07-11,2025-07-15
28 Years Later Opening Night Fan Event,AMC River Park Square 20,2025-07-11,2025-07-15
Bride Hard,AMC River Park Square 20,2025-07-11,2025-07-15
Kuberaa,AMC River Park Square 20,2025-07-11,2025-07-15
28 Years Later,AMC Kent Station 14,2025-07-11,2025-07-15
Elio,AMC Kent Station 14,2025-07-11,2025-07-15
Critical Role Live: Sydney Australia,AMC Kent Station 14,2025-07-11,2025-07-15
28 Years Later Opening Night Fan Event,AMC Kent Station 14,2025-07-11,2025-07-15
Bride Hard,AMC Kent Station 14,2025-07-11,2025-07-15
28 Years Later,AMC Southcenter 16,2025-07-11,2025-07-15
Elio,AMC Southcenter 16,2025-07-11,2025-07-15
40 Acres Early Screening,AMC Southcenter 16,2025-07-11,2025-07-15
Critical Role Live: Sydney Australia,AMC Southcenter 16,2025-07-11,2025-07-15
28 Years Later Opening Night Fan Event,AMC Southcenter 16,2025-07-11,2025-07-15
Bride Hard,AMC Southcenter 16,2025-07-11,2025-07-15
28 Years Later,AMC Progress Ridge 13,2025-07-11,2025-07-15
Elio,AMC Progress Ridge 13,2025-07-11,2025-07-15
28 Years Later Opening Night Fan Event,AMC Progress Ridge 13,2025-07-11,2025-07-15
Bride Hard,AMC Progress Ridge 13,2025-07-11,2025-07-15
28 Years Later,AMC Vancouver Mall 23,2025-07-11,2025-07-15
Elio,AMC Vancouver Mall 23,2025-07-11,2025-07-15
Kuberaa,AMC Vancouver Mall 23,2025-07-11,2025-07-15
28 Years Later Opening Night Fan Event,AMC Vancouver Mall 23,2025-07-11,2025-07-15
Bride Hard,AMC Vancouver Mall 23,2025-07-11,2025-07-15
28 Years Later,AMC CLASSIC Mill Plain 8,2025-07-11,2025-07-15
Elio,AMC CLASSIC Mill Plain 8,2025-07-11,2025-07-15
28 Years Later Opening Night Fan Event,AMC CLASSIC Mill Plain 8,2025-07-11,2025-07-15
28 Years Later,AMC Pacific Place 11,2025-07-11,2025-07-15
Elio,AMC Pacific Place 11,2025-07-11,2025-07-15
28 Years Later Opening Night Fan Event,AMC Pacific Place 11,2025-07-11,2025-07-15
Bride Hard,AMC Pacific Place 11,2025-07-11,2025-07-15
28 Years Later,AMC Kitsap 8,2025-07-11,2025-07-15
Elio,AMC Kitsap 8,2025-07-11,2025-07-15
28 Years Later Opening Night Fan Event,AMC Kitsap 8,2025-07-11,2025-07-15
28 Years Later,AMC Factoria 8,2025-07-11,2025-07-15
Elio,AMC Factoria 8,2025-07-11,2025-07-15
28 Years Later Opening Night Fan Event,AMC Factoria 8,2025-07-11,2025-07-15
28 Years Later,AMC Oak Tree 6,2025-07-11,2025-07-15
Elio,AMC Oak Tree 6,2025-07-11,2025-07-15
28 Years Later Opening Night Fan Event,AMC Oak Tree 6,2025-07-11,2025-07-15
28 Years Later,AMC Lakewood Mall 12,2025-07-11,2025-07-15
Elio,AMC Lakewood Mall 12,2025-07-11,2025-07-15
28 Years Later Opening Night Fan Event,AMC Lakewood Mall 12,2025-07-11,2025-07-15
Bride Hard,AMC Lakewood Mall 12,2025-07-11,2025-07-15
28 Years Later,AMC CLASSIC Cascade Mall 14,2025-07-11,2025-07-15
Elio,AMC CLASSIC Cascade Mall 14,2025-07-11,2025-07-15
28 Years Later Opening Night Fan Event,AMC CLASSIC Cascade Mall 14,2025-07-11,2025-07-15
Bride Hard,AMC CLASSIC Cascade Mall 14,2025-07-11,2025-07-15
28 Years Later,AMC Woodinville 12,2025-07-11,2025-07-15
Elio,AMC Woodinville 12,2025-07-11,2025-07-15
28 Years Later Opening Night Fan Event,AMC Woodinville 12,2025-07-11,2025-07-15
Bride Hard,AMC Woodinville 12,2025-07-11,2025-07-15
28 Years Later,AMC Alderwood Mall 16,2025-07-11,2025-07-15
Elio,AMC Alderwood Mall 16,2025-07-11,2025-07-15
Kuberaa,AMC Alderwood Mall 16,2025-07-11,2025-07-15
40 Acres Early Screening,AMC Alderwood Mall 16,2025-07-11,2025-07-15
28 Years Later Opening Night Fan Event,AMC Alderwood Mall 16,2025-07-11,2025-07-15
"Red Velvet Happiness Diary : My Dear, ReVe1uv in Cinemas",AMC Alderwood Mall 16,2025-07-11,2025-07-15
Bride Hard,AMC Alderwood Mall 16,2025-07-11,2025-07-15
Critical Role Live: Sydney Australia,AMC Alderwood Mall 16,2025-07-11,2025-07-15
28 Years Later,AMC CLASSIC Corvallis 12,2025-07-11,2025-07-15
Elio,AMC CLASSIC Corvallis 12,2025-07-11,2025-07-15
28 Years Later Opening Night Fan Event,AMC CLASSIC Corvallis 12,2025-07-11,2025-07-15
Bride Hard,AMC CLASSIC Corvallis 12,2025-07-11,2025-07-15
28 Years Later,AMC CLASSIC Kennewick 12,2025-07-11,2025-07-15
Elio,AMC CLASSIC Kennewick 12,2025-07-11,2025-07-15
28 Years Later Opening Night Fan Event,AMC CLASSIC Kennewick 12,2025-07-11,2025-07-15
Bride Hard,AMC CLASSIC Kennewick 12,2025-07-11,2025-07-15
Brokeback Mountain: 20th Anniversary,AMC River Park Square 20,2025-07-11,2025-07-15
Brokeback Mountain: 20th Anniversary,AMC Kent Station 14,2025-07-11,2025-07-15
Brokeback Mountain: 20th Anniversary,AMC Southcenter 16,2025-07-11,2025-07-15
Hi-Five,AMC Southcenter 16,2025-07-11,2025-07-15
Sitaare Zameen Par,AMC Progress Ridge 13,2025-07-11,2025-07-15
Brokeback Mountain: 20th Anniversary,AMC Progress Ridge 13,2025-07-11,2025-07-15
Brokeback Mountain: 20th Anniversary,AMC Pacific Place 11,2025-07-11,2025-07-15
Brokeback Mountain: 20th Anniversary,AMC CLASSIC Cascade Mall 14,2025-07-11,2025-07-15
The Life of Chuck,AMC CLASSIC Cascade Mall 14,2025-07-11,2025-07-15
Sitaare Zameen Par,AMC Alderwood Mall 16,2025-07-11,2025-07-15
Brokeback Mountain: 20th Anniversary,AMC Alderwood Mall 16,2025-07-11,2025-07-15
Hi-Five,AMC Alderwood Mall 16,2025-07-11,2025-07-15
Elio Pixar Buddies Fan Event,AMC River Park Square 20,2025-07-11,2025-07-15
Elio Pixar Buddies Fan Event,AMC Kent Station 14,2025-07-11,2025-07-15
Elio Pixar Buddies Fan Event,AMC Southcenter 16,2025-07-11,2025-07-15
Elio Pixar Buddies Fan Event,AMC Vancouver Mall 23,2025-07-11,2025-07-15
Elio Pixar Buddies Fan Event,AMC Woodinville 12,2025-07-11,2025-07-15
Elio Pixar Buddies Fan Event,AMC Alderwood Mall 16,2025-07-11,2025-07-15
The Secret World of Arrietty - Studio Ghibli Fest 2025,AMC River Park Square 20,2025-07-11,2025-07-15
The Secret World of Arrietty - Studio Ghibli Fest 2025,AMC Kent Station 14,2025-07-11,2025-07-15
The Secret World of Arrietty - Studio Ghibli Fest 2025,AMC Southcenter 16,2025-07-11,2025-07-15
The Secret World of Arrietty - Studio Ghibli Fest 2025,AMC Vancouver Mall 23,2025-07-11,2025-07-15
The Secret World of Arrietty - Studio Ghibli Fest 2025,AMC Alderwood Mall 16,2025-07-11,2025-07-15
The Secret World of Arrietty - Studio Ghibli Fest 2025,AMC CLASSIC Corvallis 12,2025-07-11,2025-07-15
Bad Guys,AMC River Park Square 20,2025-07-11,2025-07-15
F1 The Movie Fan First Premiere Exclusively in IMAX,AMC River Park Square 20,2025-07-11,2025-07-15
AMC Screen Unseen: June 23,AMC River Park Square 20,2025-07-11,2025-07-15
Bad Guys,AMC Kent Station 14,2025-07-11,2025-07-15
AMC Screen Unseen: June 23,AMC Kent Station 14,2025-07-11,2025-07-15
Bad Guys,AMC Southcenter 16,2025-07-11,2025-07-15
F1 The Movie Fan First Premiere Exclusively in IMAX,AMC Southcenter 16,2025-07-11,2025-07-15
AMC Screen Unseen: June 23,AMC Southcenter 16,2025-07-11,2025-07-15
AMC Screen Unseen: June 23,AMC Progress Ridge 13,2025-07-11,2025-07-15
Bad Guys,AMC Vancouver Mall 23,2025-07-11,2025-07-15
AMC Screen Unseen: June 23,AMC Vancouver Mall 23,2025-07-11,2025-07-15
AMC Screen Unseen: June 23,AMC Pacific Place 11,2025-07-11,2025-07-15
AMC Screen Unseen: June 23,AMC Kitsap 8,2025-07-11,2025-07-15
AMC Screen Unseen: June 23,AMC Factoria 8,2025-07-11,2025-07-15
AMC Screen Unseen: June 23,AMC Oak Tree 6,2025-07-11,2025-07-15
AMC Screen Unseen: June 23,AMC Lakewood Mall 12,2025-07-11,2025-07-15
The Secret World of Arrietty - Studio Ghibli Fest 2025,AMC CLASSIC Cascade Mall 14,2025-07-11,2025-07-15
AMC Screen Unseen: June 23,AMC CLASSIC Cascade Mall 14,2025-07-11,2025-07-15
Bad Guys,AMC Woodinville 12,2025-07-11,2025-07-15
AMC Screen Unseen: June 23,AMC Woodinville 12,2025-07-11,2025-07-15
Bad Guys,AMC Alderwood Mall 16,2025-07-11,2025-07-15
F1 The Movie Fan First Premiere Exclusively in IMAX,AMC Alderwood Mall 16,2025-07-11,2025-07-15
AMC Screen Unseen: June 23,AMC Alderwood Mall 16,2025-07-11,2025-07-15
Bad Guys,AMC CLASSIC Kennewick 12,2025-07-11,2025-07-15
The Secret World of Arrietty - Studio Ghibli Fest 2025,AMC CLASSIC Kennewick 12,2025-07-11,2025-07-15
AMC Screen Unseen: June 23,AMC CLASSIC Kennewick 12,2025-07-11,2025-07-15
F1 The Movie: Early Access Screenings,AMC River Park Square 20,2025-07-11,2025-07-15
Critical Role Live: Melbourne Australia,AMC Kent Station 14,2025-07-11,2025-07-15
F1 The Movie: Early Access Screenings,AMC Kent Station 14,2025-07-11,2025-07-15
Critical Role Live: Melbourne Australia,AMC Southcenter 16,2025-07-11,2025-07-15
F1 The Movie: Early Access Screenings,AMC Southcenter 16,2025-07-11,2025-07-15
F1 The Movie: Early Access Screenings,AMC Progress Ridge 13,2025-07-11,2025-07-15
F1 The Movie: Early Access Screenings,AMC Vancouver Mall 23,2025-07-11,2025-07-15
F1 The Movie: Early Access Screenings,AMC Woodinville 12,2025-07-11,2025-07-15
Critical Role Live: Melbourne Australia,AMC Alderwood Mall 16,2025-07-11,2025-07-15
F1 The Movie: Early Access Screenings,AMC Alderwood Mall 16,2025-07-11,2025-07-15
M3GAN 2.0,AMC River Park Square 20,2025-07-11,2025-07-15
F1 The Movie,AMC River Park Square 20,2025-07-11,2025-07-15
Hot Milk,AMC River Park Square 20,2025-07-11,2025-07-15
M3GAN 2.0,AMC Kent Station 14,2025-07-11,2025-07-15
F1 The Movie,AMC Kent Station 14,2025-07-11,2025-07-15
Hot Milk,AMC Kent Station 14,2025-07-11,2025-07-15
M3GAN 2.0,AMC Southcenter 16,2025-07-11,2025-07-15
F1 The Movie,AMC Southcenter 16,2025-07-11,2025-07-15
Kannappa (Telegu),AMC Southcenter 16,2025-07-11,2025-07-15
Hot Milk,AMC Southcenter 16,2025-07-11,2025-07-15
M3GAN 2.0,AMC Progress Ridge 13,2025-07-11,2025-07-15
F1 The Movie,AMC Progress Ridge 13,2025-07-11,2025-07-15
Hot Milk,AMC Progress Ridge 13,2025-07-11,2025-07-15
M3GAN 2.0,AMC Vancouver Mall 23,2025-07-11,2025-07-15
F1 The Movie,AMC Vancouver Mall 23,2025-07-11,2025-07-15
Hot Milk,AMC Vancouver Mall 23,2025-07-11,2025-07-15
M3GAN 2.0,AMC CLASSIC Mill Plain 8,2025-07-11,2025-07-15
F1 The Movie,AMC CLASSIC Mill Plain 8,2025-07-11,2025-07-15
M3GAN 2.0,AMC Pacific Place 11,2025-07-11,2025-07-15
F1 The Movie,AMC Pacific Place 11,2025-07-11,2025-07-15
Hot Milk,AMC Pacific Place 11,2025-07-11,2025-07-15
F1 The Movie,AMC Kitsap 8,2025-07-11,2025-07-15
M3GAN 2.0,AMC Kitsap 8,2025-07-11,2025-07-15
M3GAN 2.0,AMC Factoria 8,2025-07-11,2025-07-15
F1 The Movie,AMC Factoria 8,2025-07-11,2025-07-15
M3GAN 2.0,AMC Oak Tree 6,2025-07-11,2025-07-15
F1 The Movie,AMC Oak Tree 6,2025-07-11,2025-07-15
M3GAN 2.0,AMC Lakewood Mall 12,2025-07-11,2025-07-15
F1 The Movie,AMC Lakewood Mall 12,2025-07-11,2025-07-15
M3GAN 2.0,AMC CLASSIC Cascade Mall 14,2025-07-11,2025-07-15
F1 The Movie,AMC CLASSIC Cascade Mall 14,2025-07-11,2025-07-15
Hot Milk,AMC CLASSIC Cascade Mall 14,2025-07-11,2025-07-15
M3GAN 2.0,AMC Woodinville 12,2025-07-11,2025-07-15
F1 The Movie,AMC Woodinville 12,2025-07-11,2025-07-15
M3GAN 2.0,AMC Alderwood Mall 16,2025-07-11,2025-07-15
F1 The Movie,AMC Alderwood Mall 16,2025-07-11,2025-07-15
Kannappa (Telegu),AMC Alderwood Mall 16,2025-07-11,2025-07-15
Hot Milk,AMC Alderwood Mall 16,2025-07-11,2025-07-15
M3GAN 2.0,AMC CLASSIC Corvallis 12,2025-07-11,2025-07-15
F1 The Movie,AMC CLASSIC Corvallis 12,2025-07-11,2025-07-15
Hot Milk,AMC CLASSIC Corvallis 12,2025-07-11,2025-07-15
Kuberaa,AMC CLASSIC Corvallis 12,2025-07-11,2025-07-15
M3GAN 2.0,AMC CLASSIC Kennewick 12,2025-07-11,2025-07-15
F1 The Movie,AMC CLASSIC Kennewick 12,2025-07-11,2025-07-15
Hot Milk,AMC CLASSIC Kennewick 12,2025-07-11,2025-07-15
Maa,AMC River Park Square 20,2025-07-11,2025-07-15
Maa,AMC Southcenter 16,2025-07-11,2025-07-15
Tatami,AMC Pacific Place 11,2025-07-11,2025-07-15
Everything's Going To Be Great,AMC Pacific Place 11,2025-07-11,2025-07-15
Everything's Going To Be Great,AMC Alderwood Mall 16,2025-07-11,2025-07-15
Maa,AMC Alderwood Mall 16,2025-07-11,2025-07-15
How to Train Your Dragon: Sensory Friendly Screening,AMC River Park Square 20,2025-07-11,2025-07-15
How to Train Your Dragon: Sensory Friendly Screening,AMC Kent Station 14,2025-07-11,2025-07-15
UFC 317: Topuria vs. Oliveira,AMC Kent Station 14,2025-07-11,2025-07-15
How to Train Your Dragon: Sensory Friendly Screening,AMC CLASSIC Cascade Mall 14,2025-07-11,2025-07-15
How to Train Your Dragon: Sensory Friendly Screening,AMC Woodinville 12,2025-07-11,2025-07-15
Clueless 30th Anniversary,AMC Kent Station 14,2025-07-11,2025-07-15
Clueless 30th Anniversary,AMC Southcenter 16,2025-07-11,2025-07-15
Minions: The Rise Of Gru,AMC River Park Square 20,2025-07-11,2025-07-15
Minions: The Rise Of Gru,AMC Kent Station 14,2025-07-11,2025-07-15
Minions: The Rise Of Gru,AMC Southcenter 16,2025-07-11,2025-07-15
Minions: The Rise Of Gru,AMC Vancouver Mall 23,2025-07-11,2025-07-15
Minions: The Rise Of Gru,AMC Woodinville 12,2025-07-11,2025-07-15
Minions: The Rise Of Gru,AMC Alderwood Mall 16,2025-07-11,2025-07-15
Minions: The Rise Of Gru,AMC CLASSIC Kennewick 12,2025-07-11,2025-07-15
40 Acres,AMC River Park Square 20,2025-07-11,2025-07-15
40 Acres,AMC Kent Station 14,2025-07-11,2025-07-15
40 Acres,AMC Southcenter 16,2025-07-11,2025-07-15
40 Acres,AMC Pacific Place 11,2025-07-11,2025-07-15
40 Acres,AMC Lakewood Mall 12,2025-07-11,2025-07-15
40 Acres,AMC Alderwood Mall 16,2025-07-11,2025-07-15
Jurassic World Rebirth,AMC River Park Square 20,2025-07-11,2025-07-15
Jurassic World Rebirth,AMC Kent Station 14,2025-07-11,2025-07-15
Jurassic World Rebirth,AMC Southcenter 16,2025-07-11,2025-07-15
Jurassic World Rebirth,AMC Progress Ridge 13,2025-07-11,2025-07-15
Jurassic World Rebirth,AMC Vancouver Mall 23,2025-07-11,2025-07-15
40 Acres,AMC Vancouver Mall 23,2025-07-11,2025-07-15
Jurassic World Rebirth,AMC CLASSIC Mill Plain 8,2025-07-11,2025-07-15
Jurassic World Rebirth,AMC Pacific Place 11,2025-07-11,2025-07-15
Jurassic World Rebirth,AMC Kitsap 8,2025-07-11,2025-07-15
Jurassic World Rebirth,AMC Factoria 8,2025-07-11,2025-07-15
Jurassic World Rebirth,AMC Oak Tree 6,2025-07-11,2025-07-15
Jurassic World Rebirth,AMC Lakewood Mall 12,2025-07-11,2025-07-15
Jurassic World Rebirth,AMC CLASSIC Cascade Mall 14,2025-07-11,2025-07-15
Jurassic World Rebirth,AMC Woodinville 12,2025-07-11,2025-07-15
Jurassic World Rebirth,AMC Alderwood Mall 16,2025-07-11,2025-07-15
Jurassic World Rebirth,AMC CLASSIC Corvallis 12,2025-07-11,2025-07-15
Jurassic World Rebirth,AMC CLASSIC Kennewick 12,2025-07-11,2025-07-15
Metro In Dino,AMC Southcenter 16,2025-07-11,2025-07-15
Malice,AMC Progress Ridge 13,2025-07-11,2025-07-15
Malice,AMC Pacific Place 11,2025-07-11,2025-07-15
Malice,AMC Alderwood Mall 16,2025-07-11,2025-07-15
This Is Spinal Tap 41st Anniversary,AMC River Park Square 20,2025-07-11,2025-07-15
This Is Spinal Tap 41st Anniversary,AMC Kent Station 14,2025-07-11,2025-07-15
This Is Spinal Tap 41st Anniversary,AMC Southcenter 16,2025-07-11,2025-07-15
This Is Spinal Tap 41st Anniversary,AMC Vancouver Mall 23,2025-07-11,2025-07-15
This Is Spinal Tap 41st Anniversary,AMC Lakewood Mall 12,2025-07-11,2025-07-15
This Is Spinal Tap 41st Anniversary,AMC Woodinville 12,2025-07-11,2025-07-15
This Is Spinal Tap 41st Anniversary,AMC Alderwood Mall 16,2025-07-11,2025-07-15
Despicable Me 4,AMC River Park Square 20,2025-07-11,2025-07-15
AMC Screen Unseen: July 7,AMC River Park Square 20,2025-07-11,2025-07-15
Despicable Me 4,AMC Kent Station 14,2025-07-11,2025-07-15
AMC Screen Unseen: July 7,AMC Kent Station 14,2025-07-11,2025-07-15
Despicable Me 4,AMC Southcenter 16,2025-07-11,2025-07-15
AMC Screen Unseen: July 7,AMC Southcenter 16,2025-07-11,2025-07-15
AMC Screen Unseen: July 7,AMC Progress Ridge 13,2025-07-11,2025-07-15
Despicable Me 4,AMC Vancouver Mall 23,2025-07-11,2025-07-15
AMC Screen Unseen: July 7,AMC Vancouver Mall 23,2025-07-11,2025-07-15
AMC Screen Unseen: July 7,AMC Pacific Place 11,2025-07-11,2025-07-15
AMC Screen Unseen: July 7,AMC Kitsap 8,2025-07-11,2025-07-15
AMC Screen Unseen: July 7,AMC Factoria 8,2025-07-11,2025-07-15
AMC Screen Unseen: July 7,AMC Oak Tree 6,2025-07-11,2025-07-15
AMC Screen Unseen: July 7,AMC Lakewood Mall 12,2025-07-11,2025-07-15
AMC Screen Unseen: July 7,AMC CLASSIC Cascade Mall 14,2025-07-11,2025-07-15
Despicable Me 4,AMC Woodinville 12,2025-07-11,2025-07-15
AMC Screen Unseen: July 7,AMC Woodinville 12,2025-07-11,2025-07-15
Despicable Me 4,AMC Alderwood Mall 16,2025-07-11,2025-07-15
AMC Screen Unseen: July 7,AMC Alderwood Mall 16,2025-07-11,2025-07-15
Despicable Me 4,AMC CLASSIC Kennewick 12,2025-07-11,2025-07-15
AMC Screen Unseen: July 7,AMC CLASSIC Kennewick 12,2025-07-11,2025-07-15
Jurassic World Rebirth: Sensory Friendly Screening,AMC River Park Square 20,2025-07-11,2025-07-15
Jurassic World Rebirth: Sensory Friendly Screening,AMC Woodinville 12,2025-07-11,2025-07-15
Superman,AMC River Park Square 20,2025-07-11,2025-07-15
Abraham's Boys: A Dracula Story,AMC River Park Square 20,2025-07-11,2025-07-15
Superman Opening Night IMAX Fan Event,AMC River Park Square 20,2025-07-11,2025-07-15
Skillhouse,AMC River Park Square 20,2025-07-11,2025-07-15
Superman,AMC Kent Station 14,2025-07-11,2025-07-15
Superman Opening Night IMAX Fan Event,AMC Kent Station 14,2025-07-11,2025-07-15
Skillhouse,AMC Kent Station 14,2025-07-11,2025-07-15
Superman,AMC Southcenter 16,2025-07-11,2025-07-15
Abraham's Boys: A Dracula Story,AMC Southcenter 16,2025-07-11,2025-07-15
Superman Opening Night IMAX Fan Event,AMC Southcenter 16,2025-07-11,2025-07-15
Skillhouse,AMC Southcenter 16,2025-07-11,2025-07-15
Superman,AMC Progress Ridge 13,2025-07-11,2025-07-15
Skillhouse,AMC Progress Ridge 13,2025-07-11,2025-07-15
Superman,AMC Vancouver Mall 23,2025-07-11,2025-07-15
Abraham's Boys: A Dracula Story,AMC Vancouver Mall 23,2025-07-11,2025-07-15
Skillhouse,AMC Vancouver Mall 23,2025-07-11,2025-07-15
Superman,AMC CLASSIC Mill Plain 8,2025-07-11,2025-07-15
Superman,AMC Pacific Place 11,2025-07-11,2025-07-15
"Sorry, Baby",AMC Pacific Place 11,2025-07-11,2025-07-15
Superman,AMC Kitsap 8,2025-07-11,2025-07-15
Superman,AMC Factoria 8,2025-07-11,2025-07-15
Superman,AMC Oak Tree 6,2025-07-11,2025-07-15
Superman,AMC Lakewood Mall 12,2025-07-11,2025-07-15
Skillhouse,AMC Lakewood Mall 12,2025-07-11,2025-07-15
Skillhouse,AMC CLASSIC Cascade Mall 14,2025-07-11,2025-07-15
Superman,AMC CLASSIC Cascade Mall 14,2025-07-11,2025-07-15
Abraham's Boys: A Dracula Story,AMC CLASSIC Cascade Mall 14,2025-07-11,2025-07-15
Superman,AMC Woodinville 12,2025-07-11,2025-07-15
Abraham's Boys: A Dracula Story,AMC Woodinville 12,2025-07-11,2025-07-15
Superman,AMC Alderwood Mall 16,2025-07-11,2025-07-15
Abraham's Boys: A Dracula Story,AMC Alderwood Mall 16,2025-07-11,2025-07-15
Superman Opening Night IMAX Fan Event,AMC Alderwood Mall 16,2025-07-11,2025-07-15
Skillhouse,AMC Alderwood Mall 16,2025-07-11,2025-07-15
Superman,AMC CLASSIC Corvallis 12,2025-07-11,2025-07-15
Abraham's Boys: A Dracula Story,AMC CLASSIC Corvallis 12,2025-07-11,2025-07-15
Superman,AMC CLASSIC Kennewick 12,2025-07-11,2025-07-15
Abraham's Boys: A Dracula Story,AMC CLASSIC Kennewick 12,2025-07-11,2025-07-15
Maalik,AMC River Park Square 20,2025-07-11,2025-07-15
Maalik,AMC Southcenter 16,2025-07-11,2025-07-15
Jurassic World Rebirth: Sensory Friendly Screening,AMC Kent Station 14,2025-07-11,2025-07-15
Jurassic World Rebirth: Sensory Friendly Screening,AMC CLASSIC Cascade Mall 14,2025-07-11,2025-07-15
One Flew Over The Cuckoo's Nest 50th Anniversary,AMC River Park Square 20,2025-07-11,2025-07-15
One Flew Over The Cuckoo's Nest 50th Anniversary,AMC Kent Station 14,2025-07-11,2025-07-15
One Flew Over The Cuckoo's Nest 50th Anniversary,AMC Southcenter 16,2025-07-11,2025-07-15
One Flew Over The Cuckoo's Nest 50th Anniversary,AMC Vancouver Mall 23,2025-07-11,2025-07-15
One Flew Over The Cuckoo's Nest 50th Anniversary,AMC Lakewood Mall 12,2025-07-11,2025-07-15
One Flew Over The Cuckoo's Nest 50th Anniversary,AMC Woodinville 12,2025-07-11,2025-07-15
One Flew Over The Cuckoo's Nest 50th Anniversary,AMC Alderwood Mall 16,2025-07-11,2025-07-15
Kung Fu Panda 4,AMC River Park Square 20,2025-07-11,2025-07-15
Kung Fu Panda 4,AMC Kent Station 14,2025-07-11,2025-07-15
Kung Fu Panda 4,AMC Southcenter 16,2025-07-11,2025-07-15
Kung Fu Panda 4,AMC Vancouver Mall 23,2025-07-11,2025-07-15
Kung Fu Panda 4,AMC Woodinville 12,2025-07-11,2025-07-15
Kung Fu Panda 4,AMC Alderwood Mall 16,2025-07-11,2025-07-15
Kung Fu Panda 4,AMC CLASSIC Kennewick 12,2025-07-11,2025-07-15
JUJUTSU KAISEN: Hidden Inventory / Premature Death - The Movie,AMC River Park Square 20,2025-07-11,2025-07-15
JUJUTSU KAISEN: Hidden Inventory / Premature Death - The Movie,AMC Kent Station 14,2025-07-11,2025-07-15
JUJUTSU KAISEN: Hidden Inventory / Premature Death - The Movie,AMC Southcenter 16,2025-07-11,2025-07-15
JUJUTSU KAISEN: Hidden Inventory / Premature Death - The Movie,AMC Lakewood Mall 12,2025-07-11,2025-07-15
JUJUTSU KAISEN: Hidden Inventory / Premature Death - The Movie,AMC CLASSIC Cascade Mall 14,2025-07-11,2025-07-15
JUJUTSU KAISEN: Hidden Inventory / Premature Death - The Movie,AMC Woodinville 12,2025-07-11,2025-07-15
JUJUTSU KAISEN: Hidden Inventory / Premature Death - The Movie,AMC Alderwood Mall 16,2025-07-11,2025-07-15
I Know What You Did Last Summer,AMC River Park Square 20,2025-07-11,2025-07-15
Don't Let's Go to the Dogs Tonight,AMC River Park Square 20,2025-07-11,2025-07-15
Eddington,AMC River Park Square 20,2025-07-11,2025-07-15
I Know What You Did Last Summer,AMC Kent Station 14,2025-07-11,2025-07-15
Eddington,AMC Kent Station 14,2025-07-11,2025-07-15
I Know What You Did Last Summer,AMC Southcenter 16,2025-07-11,2025-07-15
Don't Let's Go to the Dogs Tonight,AMC Southcenter 16,2025-07-11,2025-07-15
Eddington,AMC Southcenter 16,2025-07-11,2025-07-15
Guns & Moses,AMC Southcenter 16,2025-07-11,2025-07-15
I Know What You Did Last Summer,AMC Progress Ridge 13,2025-07-11,2025-07-15
Eddington,AMC Progress Ridge 13,2025-07-11,2025-07-15
I Know What You Did Last Summer,AMC Vancouver Mall 23,2025-07-11,2025-07-15
Eddington,AMC Vancouver Mall 23,2025-07-11,2025-07-15
I Know What You Did Last Summer,AMC CLASSIC Mill Plain 8,2025-07-11,2025-07-15
I Know What You Did Last Summer,AMC Pacific Place 11,2025-07-11,2025-07-15
Eddington,AMC Pacific Place 11,2025-07-11,2025-07-15
I Know What You Did Last Summer,AMC Kitsap 8,2025-07-11,2025-07-15
I Know What You Did Last Summer,AMC Factoria 8,2025-07-11,2025-07-15
I Know What You Did Last Summer,AMC Oak Tree 6,2025-07-11,2025-07-15
I Know What You Did Last Summer,AMC Lakewood Mall 12,2025-07-11,2025-07-15
Eddington,AMC Lakewood Mall 12,2025-07-11,2025-07-15
I Know What You Did Last Summer,AMC CLASSIC Cascade Mall 14,2025-07-11,2025-07-15
Eddington,AMC CLASSIC Cascade Mall 14,2025-07-11,2025-07-15
I Know What You Did Last Summer,AMC Woodinville 12,2025-07-11,2025-07-15
Eddington,AMC Woodinville 12,2025-07-11,2025-07-15
I Know What You Did Last Summer,AMC Alderwood Mall 16,2025-07-11,2025-07-15
Eddington,AMC Alderwood Mall 16,2025-07-11,2025-07-15
I Know What You Did Last Summer,AMC CLASSIC Corvallis 12,2025-07-11,2025-07-15
Eddington,AMC CLASSIC Corvallis 12,2025-07-11,2025-07-15
I Know What You Did Last Summer,AMC CLASSIC Kennewick 12,2025-07-11,2025-07-15
Eddington,AMC CLASSIC Kennewick 12,2025-07-11,2025-07-15
Smurfs,AMC River Park Square 20,2025-07-11,2025-07-15
Smurfs,AMC Kent Station 14,2025-07-11,2025-07-15
Smurfs,AMC Southcenter 16,2025-07-11,2025-07-15
Smurfs,AMC Progress Ridge 13,2025-07-11,2025-07-15
Smurfs,AMC Vancouver Mall 23,2025-07-11,2025-07-15
Smurfs,AMC CLASSIC Mill Plain 8,2025-07-11,2025-07-15
Smurfs,AMC Pacific Place 11,2025-07-11,2025-07-15
Smurfs,AMC Kitsap 8,2025-07-11,2025-07-15
Smurfs,AMC Factoria 8,2025-07-11,2025-07-15
Smurfs,AMC Lakewood Mall 12,2025-07-11,2025-07-15
Smurfs,AMC CLASSIC Cascade Mall 14,2025-07-11,2025-07-15
Smurfs,AMC Woodinville 12,2025-07-11,2025-07-15
Smurfs,AMC Alderwood Mall 16,2025-07-11,2025-07-15
Smurfs,AMC CLASSIC Corvallis 12,2025-07-11,2025-07-15
Smurfs,AMC CLASSIC Kennewick 12,2025-07-11,2025-07-15
My Neighbor Totoro - Studio Ghibli Fest 2025,AMC River Park Square 20,2025-07-11,2025-07-15
My Neighbor Totoro - Studio Ghibli Fest 2025,AMC Kent Station 14,2025-07-11,2025-07-15
UFC 318: Holloway vs. Poirier 3,AMC Kent Station 14,2025-07-11,2025-07-15
My Neighbor Totoro - Studio Ghibli Fest 2025,AMC Southcenter 16,2025-07-11,2025-07-15
My Neighbor Totoro - Studio Ghibli Fest 2025,AMC Vancouver Mall 23,2025-07-11,2025-07-15
My Neighbor Totoro - Studio Ghibli Fest 2025,AMC CLASSIC Cascade Mall 14,2025-07-11,2025-07-15
My Neighbor Totoro - Studio Ghibli Fest 2025,AMC Alderwood Mall 16,2025-07-11,2025-07-15
My Neighbor Totoro - Studio Ghibli Fest 2025,AMC CLASSIC Corvallis 12,2025-07-11,2025-07-15
My Neighbor Totoro - Studio Ghibli Fest 2025,AMC CLASSIC Kennewick 12,2025-07-11,2025-07-15
The Wild Robot,AMC River Park Square 20,2025-07-11,2025-07-15
AMC Scream Unseen: July 21,AMC River Park Square 20,2025-07-11,2025-07-15
Sink Your Teeth: A Tokyo Ghoul Celebration,AMC River Park Square 20,2025-07-11,2025-07-15
The Wild Robot,AMC Kent Station 14,2025-07-11,2025-07-15
AMC Scream Unseen: July 21,AMC Kent Station 14,2025-07-11,2025-07-15
The Wild Robot,AMC Southcenter 16,2025-07-11,2025-07-15
AMC Scream Unseen: July 21,AMC Southcenter 16,2025-07-11,2025-07-15
Sink Your Teeth: A Tokyo Ghoul Celebration,AMC Southcenter 16,2025-07-11,2025-07-15
AMC Scream Unseen: July 21,AMC Progress Ridge 13,2025-07-11,2025-07-15
The Wild Robot,AMC Vancouver Mall 23,2025-07-11,2025-07-15
AMC Scream Unseen: July 21,AMC Vancouver Mall 23,2025-07-11,2025-07-15
Sink Your Teeth: A Tokyo Ghoul Celebration,AMC Vancouver Mall 23,2025-07-11,2025-07-15
AMC Scream Unseen: July 21,AMC Pacific Place 11,2025-07-11,2025-07-15
AMC Scream Unseen: July 21,AMC Kitsap 8,2025-07-11,2025-07-15
AMC Scream Unseen: July 21,AMC Factoria 8,2025-07-11,2025-07-15
AMC Scream Unseen: July 21,AMC Oak Tree 6,2025-07-11,2025-07-15
AMC Scream Unseen: July 21,AMC Lakewood Mall 12,2025-07-11,2025-07-15
AMC Scream Unseen: July 21,AMC CLASSIC Cascade Mall 14,2025-07-11,2025-07-15
The Wild Robot,AMC Woodinville 12,2025-07-11,2025-07-15
AMC Scream Unseen: July 21,AMC Woodinville 12,2025-07-11,2025-07-15
The Wild Robot,AMC Alderwood Mall 16,2025-07-11,2025-07-15
AMC Scream Unseen: July 21,AMC Alderwood Mall 16,2025-07-11,2025-07-15
Sink Your Teeth: A Tokyo Ghoul Celebration,AMC Alderwood Mall 16,2025-07-11,2025-07-15
The Wild Robot,AMC CLASSIC Kennewick 12,2025-07-11,2025-07-15
AMC Scream Unseen: July 21,AMC CLASSIC Kennewick 12,2025-07-11,2025-07-15
Together Early Access,AMC River Park Square 20,2025-07-11,2025-07-15
Superman: Sensory Friendly Screening,AMC River Park Square 20,2025-07-11,2025-07-15
La Traviata: Met Summer Encore 2025,AMC Kent Station 14,2025-07-11,2025-07-15
Superman: Sensory Friendly Screening,AMC Kent Station 14,2025-07-11,2025-07-15
Together Early Access,AMC Kent Station 14,2025-07-11,2025-07-15
La Traviata: Met Summer Encore 2025,AMC Southcenter 16,2025-07-11,2025-07-15
Roger Waters This Is Not A Drill: Live From Prague - The Movie,AMC Southcenter 16,2025-07-11,2025-07-15
Together Early Access,AMC Southcenter 16,2025-07-11,2025-07-15
Together Early Access,AMC Vancouver Mall 23,2025-07-11,2025-07-15
La Traviata: Met Summer Encore 2025,AMC Pacific Place 11,2025-07-11,2025-07-15
Together Early Access,AMC Pacific Place 11,2025-07-11,2025-07-15
Superman: Sensory Friendly Screening,AMC Woodinville 12,2025-07-11,2025-07-15
Together Early Access,AMC Woodinville 12,2025-07-11,2025-07-15
Hari Hara Veera Mallu: Part 1 Sword vs Spirit,AMC Alderwood Mall 16,2025-07-11,2025-07-15
Together Early Access,AMC Alderwood Mall 16,2025-07-11,2025-07-15
The Fantastic Four: First Steps,AMC River Park Square 20,2025-07-11,2025-07-15
"Oh, Hi!",AMC River Park Square 20,2025-07-11,2025-07-15
"Sorry, Baby",AMC River Park Square 20,2025-07-11,2025-07-15
The Fantastic Four: First Steps,AMC Kent Station 14,2025-07-11,2025-07-15
"Oh, Hi!",AMC Kent Station 14,2025-07-11,2025-07-15
"Sorry, Baby",AMC Kent Station 14,2025-07-11,2025-07-15
The Fantastic Four: First Steps IMAX Opening Night Fan Event,AMC Kent Station 14,2025-07-11,2025-07-15
The Fantastic Four: First Steps,AMC Southcenter 16,2025-07-11,2025-07-15
"Oh, Hi!",AMC Southcenter 16,2025-07-11,2025-07-15
"Sorry, Baby",AMC Southcenter 16,2025-07-11,2025-07-15
The Fantastic Four: First Steps IMAX Opening Night Fan Event,AMC Southcenter 16,2025-07-11,2025-07-15
House on Eden,AMC Southcenter 16,2025-07-11,2025-07-15
The Fantastic Four: First Steps,AMC Progress Ridge 13,2025-07-11,2025-07-15
"Oh, Hi!",AMC Progress Ridge 13,2025-07-11,2025-07-15
The Fantastic Four: First Steps,AMC Vancouver Mall 23,2025-07-11,2025-07-15
"Oh, Hi!",AMC Vancouver Mall 23,2025-07-11,2025-07-15
"Sorry, Baby",AMC Vancouver Mall 23,2025-07-11,2025-07-15
House on Eden,AMC Vancouver Mall 23,2025-07-11,2025-07-15
The Fantastic Four: First Steps,AMC CLASSIC Mill Plain 8,2025-07-11,2025-07-15
The Fantastic Four: First Steps,AMC Pacific Place 11,2025-07-11,2025-07-15
"Oh, Hi!",AMC Pacific Place 11,2025-07-11,2025-07-15
The Fantastic Four: First Steps,AMC Kitsap 8,2025-07-11,2025-07-15
The Fantastic Four: First Steps,AMC Factoria 8,2025-07-11,2025-07-15
The Fantastic Four: First Steps,AMC Oak Tree 6,2025-07-11,2025-07-15
The Fantastic Four: First Steps,AMC Lakewood Mall 12,2025-07-11,2025-07-15
The Fantastic Four: First Steps,AMC CLASSIC Cascade Mall 14,2025-07-11,2025-07-15
"Oh, Hi!",AMC CLASSIC Cascade Mall 14,2025-07-11,2025-07-15
House on Eden,AMC CLASSIC Cascade Mall 14,2025-07-11,2025-07-15
The Fantastic Four: First Steps,AMC Woodinville 12,2025-07-11,2025-07-15
"Oh, Hi!",AMC Woodinville 12,2025-07-11,2025-07-15
The Fantastic Four: First Steps,AMC Alderwood Mall 16,2025-07-11,2025-07-15
"Oh, Hi!",AMC Alderwood Mall 16,2025-07-11,2025-07-15
"Sorry, Baby",AMC Alderwood Mall 16,2025-07-11,2025-07-15
The Fantastic Four: First Steps IMAX Opening Night Fan Event,AMC Alderwood Mall 16,2025-07-11,2025-07-15
House on Eden,AMC Alderwood Mall 16,2025-07-11,2025-07-15
The Fantastic Four: First Steps,AMC CLASSIC Corvallis 12,2025-07-11,2025-07-15
The Fantastic Four: First Steps,AMC CLASSIC Kennewick 12,2025-07-11,2025-07-15
"Oh, Hi!",AMC CLASSIC Kennewick 12,2025-07-11,2025-07-15
Smurfs: Sensory Friendly Screening,AMC River Park Square 20,2025-07-12,2025-07-15
Smurfs: Sensory Friendly Screening,AMC Kent Station 14,2025-07-12,2025-07-15
Smurfs: Sensory Friendly Screening,AMC Woodinville 12,2025-07-12,2025-07-15
Summer Wars 4K,AMC River Park Square 20,2025-07-13,2025-07-15
Ick,AMC River Park Square 20,2025-07-13,2025-07-15
Ick,AMC Kent Station 14,2025-07-13,2025-07-15
Summer Wars 4K,AMC Southcenter 16,2025-07-13,2025-07-15
Ick,AMC Southcenter 16,2025-07-13,2025-07-15
Summer Wars 4K,AMC Vancouver Mall 23,2025-07-13,2025-07-15
Ick,AMC Vancouver Mall 23,2025-07-13,2025-07-15
Ick,AMC Lakewood Mall 12,2025-07-13,2025-07-15
Ick,AMC Woodinville 12,2025-07-13,2025-07-15
Summer Wars 4K,AMC Alderwood Mall 16,2025-07-13,2025-07-15
Ick,AMC Alderwood Mall 16,2025-07-13,2025-07-15
Summer Wars 4K,AMC CLASSIC Corvallis 12,2025-07-13,2025-07-15
Shrek ,AMC River Park Square 20,2025-07-14,2025-07-15
AMC Screen Unseen: July 28,AMC River Park Square 20,2025-07-14,2025-07-15
Shrek ,AMC Kent Station 14,2025-07-14,2025-07-15
AMC Screen Unseen: July 28,AMC Kent Station 14,2025-07-14,2025-07-15
Shrek ,AMC Southcenter 16,2025-07-14,2025-07-15
AMC Screen Unseen: July 28,AMC Southcenter 16,2025-07-14,2025-07-15
AMC Screen Unseen: July 28,AMC Progress Ridge 13,2025-07-14,2025-07-15
Shrek ,AMC Vancouver Mall 23,2025-07-14,2025-07-15
AMC Screen Unseen: July 28,AMC Vancouver Mall 23,2025-07-14,2025-07-15
AMC Screen Unseen: July 28,AMC Pacific Place 11,2025-07-14,2025-07-15
AMC Screen Unseen: July 28,AMC Kitsap 8,2025-07-14,2025-07-15
AMC Screen Unseen: July 28,AMC Factoria 8,2025-07-14,2025-07-15
AMC Screen Unseen: July 28,AMC Oak Tree 6,2025-07-14,2025-07-15
AMC Screen Unseen: July 28,AMC Lakewood Mall 12,2025-07-14,2025-07-15
AMC Screen Unseen: July 28,AMC CLASSIC Cascade Mall 14,2025-07-14,2025-07-15
Shrek ,AMC Woodinville 12,2025-07-14,2025-07-15
AMC Screen Unseen: July 28,AMC Woodinville 12,2025-07-14,2025-07-15
Shrek ,AMC Alderwood Mall 16,2025-07-14,2025-07-15
AMC Screen Unseen: July 28,AMC Alderwood Mall 16,2025-07-14,2025-07-15
Shrek ,AMC CLASSIC Kennewick 12,2025-07-14,2025-07-15
AMC Screen Unseen: July 28,AMC CLASSIC Kennewick 12,2025-07-14,2025-07-15
Seattle 48 Hour Film Project Premiere Screenings 2025,SIFF Cinema Uptown,2025-07-15,2025-07-15
Jaws: 50th Anniversary (New 4K Restoration),SIFF Cinema Downtown,2025-07-15,2025-07-15
Eddington,AMC Kitsap 8,2025-07-15,2025-07-15
Eddington,AMC Factoria 8,2025-07-15,2025-07-15
Don't Let's Go to the Dogs Tonight,AMC CLASSIC Cascade Mall 14,2025-07-15,2025-07-15
Together,AMC River Park Square 20,2025-07-15,2025-07-15
Together,AMC Kent Station 14,2025-07-15,2025-07-15
Together,AMC Southcenter 16,2025-07-15,2025-07-15
Together,AMC Progress Ridge 13,2025-07-15,2025-07-15
Together,AMC Vancouver Mall 23,2025-07-15,2025-07-15
Together,AMC CLASSIC Mill Plain 8,2025-07-15,2025-07-15
Together,AMC Pacific Place 11,2025-07-15,2025-07-15
Together,AMC Kitsap 8,2025-07-15,2025-07-15
Together,AMC Factoria 8,2025-07-15,2025-07-15
Together,AMC CLASSIC Cascade Mall 14,2025-07-15,2025-07-15
Together,AMC Woodinville 12,2025-07-15,2025-07-15
Together,AMC Alderwood Mall 16,2025-07-15,2025-07-15
Together,AMC CLASSIC Corvallis 12,2025-07-15,2025-07-15
Together,AMC CLASSIC Kennewick 12,2025-07-15,2025-07-15
